ARTICLE_LOOKUP_CRITERIA_ID,ARTICLE_ID,CRITERIA,CRITERIA_TYPE,CRITERIA_TYPE_LABEL,CRITERIA_LABEL
1,115121,"10","CI","Target Age Group","18-25 Years Of Age"
2,115121,"04","FO","Shapes","5 Pockets-  5 False Pockets"
3,115121,"02","MO","Morphology","All Sizes"
4,115121,"SW","MV","Moment Of Life","Sportswear"
5,115121,"02","TI","Materials","Denim"
6,115121,"01","TP","Price Bracket","Hose"
7,115121,"01","UF","Plain / Fancy","Plain"
333,116256,"11","CI","Target Age Group","30 Years Of Age"
334,116256,"05","FO","Shapes","Shorts"
335,116256,"02","MO","Morphology","All Sizes"
336,116256,"SW","MV","Moment Of Life","Sportswear"
337,116256,"ZZ","TI","Materials","Other"
338,116256,"01","TP","Price Bracket","Hose"
339,116256,"01","UF","Plain / Fancy","Plain"
1117,119427,"11","CI","Target Age Group","30 Years Of Age"
1118,119427,"04","FO","Shapes","5 Pockets-  5 False Pockets"
1119,119427,"02","MO","Morphology","All Sizes"
1120,119427,"SW","MV","Moment Of Life","Sportswear"
1121,119427,"01","TI","Materials","100% Cotton"
1122,119427,"03","TP","Price Bracket","Middle"
1123,119427,"02","UF","Plain / Fancy","Fant.(Fancy) Multi-Colored"
1314,120114,"01","CD","Separates","Separates"
1315,120114,"11","CI","Target Age Group","30 Years Of Age"
1316,120114,"07","FO","Shapes","Loose-Fitting"
1317,120114,"02","MO","Morphology","All Sizes"
1318,120114,"SW","MV","Moment Of Life","Sportswear"
1319,120114,"01","TE","Dyeing","Printed"
1320,120114,"CT","TT","Fabric Type","Warp & Filling"
1321,120114,"02","UF","Plain / Fancy","Fant.(Fancy) Multi-Colored"
1699,121764,"11","CI","Target Age Group","30 Years Of Age"
1700,121764,"04","FO","Shapes","5 Pockets-  5 False Pockets"
1701,121764,"02","MO","Morphology","All Sizes"
1702,121764,"SW","MV","Moment Of Life","Sportswear"
1703,121764,"01","TI","Materials","100% Cotton"
1704,121764,"01","UF","Plain / Fancy","Plain"
1987,122709,"01","CD","Separates","Separates"
1988,122709,"11","CI","Target Age Group","30 Years Of Age"
1989,122709,"07","FO","Shapes","Loose-Fitting"
1990,122709,"02","MO","Morphology","All Sizes"
1991,122709,"SW","MV","Moment Of Life","Sportswear"
1992,122709,"01","TE","Dyeing","Printed"
1993,122709,"08","TI","Materials","Loose-Fitting"
1994,122709,"01","TP","Price Bracket","Hose"
1995,122709,"CT","TT","Fabric Type","Warp & Filling"
1996,122709,"02","UF","Plain / Fancy","Fant.(Fancy) Multi-Colored"
2969,128390,"01","CD","Separates","Separates"
2970,128390,"11","CI","Target Age Group","30 Years Of Age"
2971,128390,"04","FO","Shapes","5 Pockets-  5 False Pockets"
2972,128390,"02","MO","Morphology","All Sizes"
2973,128390,"SW","MV","Moment Of Life","Sportswear"
2974,128390,"02","TE","Dyeing","Color Woven"
2975,128390,"07","TI","Materials","Stitch"
2976,128390,"CT","TT","Fabric Type","Warp & Filling"
2977,128390,"01","UF","Plain / Fancy","Plain"
3229,128969,"01","CD","Separates","Separates"
3230,128969,"11","CI","Target Age Group","30 Years Of Age"
3231,128969,"05","FO","Shapes","Shorts"
3232,128969,"02","MO","Morphology","All Sizes"
3233,128969,"SW","MV","Moment Of Life","Sportswear"
3234,128969,"02","TE","Dyeing","Color Woven"
3235,128969,"07","TI","Materials","Stitch"
3236,128969,"01","TP","Price Bracket","Hose"
3237,128969,"CT","TT","Fabric Type","Warp & Filling"
3238,128969,"01","UF","Plain / Fancy","Plain"
3669,129925,"11","CI","Target Age Group","30 Years Of Age"
3670,129925,"04","FO","Shapes","5 Pockets-  5 False Pockets"
3671,129925,"02","MO","Morphology","All Sizes"
3672,129925,"SW","MV","Moment Of Life","Sportswear"
3673,129925,"02","TI","Materials","Denim"
3674,129925,"03","TP","Price Bracket","Middle"
3675,129925,"01","UF","Plain / Fancy","Plain"
5885,136786,"11","CI","Target Age Group","30 Years Of Age"
5886,136786,"05","FO","Shapes","Shorts"
5887,136786,"SW","MV","Moment Of Life","Sportswear"
5888,136786,"07","TI","Materials","Stitch"
5889,136786,"02","UF","Plain / Fancy","Fant.(Fancy) Multi-Colored"
6293,137638,"10","CI","Target Age Group","18-25 Years Of Age"
6294,137638,"04","FO","Shapes","5 Pockets-  5 False Pockets"
6295,137638,"SW","MV","Moment Of Life","Sportswear"
6296,137638,"02","TI","Materials","Denim"
6297,137638,"01","UF","Plain / Fancy","Plain"
6427,137838,"10","CI","Target Age Group","18-25 Years Of Age"
6428,137838,"05","FO","Shapes","Shorts"
6429,137838,"SW","MV","Moment Of Life","Sportswear"
6430,137838,"07","TI","Materials","Stitch"
6431,137838,"02","UF","Plain / Fancy","Fant.(Fancy) Multi-Colored"
6738,138627,"11","CI","Target Age Group","30 Years Of Age"
6739,138627,"07","FO","Shapes","Loose-Fitting"
6740,138627,"SW","MV","Moment Of Life","Sportswear"
6741,138627,"00","TH","Theme","Basic Theme"
6742,138627,"08","TI","Materials","Loose-Fitting"
6743,138627,"02","UF","Plain / Fancy","Fant.(Fancy) Multi-Colored"
6924,139111,"11","CI","Target Age Group","30 Years Of Age"
6925,139111,"05","FO","Shapes","Shorts"
6926,139111,"SW","MV","Moment Of Life","Sportswear"
6927,139111,"07","TI","Materials","Stitch"
6928,139111,"01","UF","Plain / Fancy","Plain"
7113,139590,"10","CI","Target Age Group","18-25 Years Of Age"
7114,139590,"04","FO","Shapes","5 Pockets-  5 False Pockets"
7115,139590,"SW","MV","Moment Of Life","Sportswear"
7116,139590,"01","TI","Materials","100% Cotton"
7117,139590,"03","TP","Price Bracket","Middle"
7118,139590,"02","UF","Plain / Fancy","Fant.(Fancy) Multi-Colored"
7415,140515,"01","CD","Separates","Separates"
7416,140515,"10","CI","Target Age Group","18-25 Years Of Age"
7417,140515,"04","FO","Shapes","5 Pockets-  5 False Pockets"
7418,140515,"02","MO","Morphology","All Sizes"
7419,140515,"SW","MV","Moment Of Life","Sportswear"
7420,140515,"02","TE","Dyeing","Color Woven"
7421,140515,"02","TI","Materials","Denim"
7422,140515,"03","TP","Price Bracket","Middle"
7423,140515,"CT","TT","Fabric Type","Warp & Filling"
7424,140515,"01","UF","Plain / Fancy","Plain"
7670,141012,"11","CI","Target Age Group","30 Years Of Age"
7671,141012,"04","FO","Shapes","5 Pockets-  5 False Pockets"
7672,141012,"SW","MV","Moment Of Life","Sportswear"
7673,141012,"01","TI","Materials","100% Cotton"
7674,141012,"03","TP","Price Bracket","Middle"
7675,141012,"01","UF","Plain / Fancy","Plain"
7844,141401,"10","CI","Target Age Group","18-25 Years Of Age"
7845,141401,"04","FO","Shapes","5 Pockets-  5 False Pockets"
7846,141401,"SW","MV","Moment Of Life","Sportswear"
7847,141401,"01","TI","Materials","100% Cotton"
7848,141401,"03","TP","Price Bracket","Middle"
7849,141401,"02","UF","Plain / Fancy","Fant.(Fancy) Multi-Colored"
7961,141683,"01","CD","Separates","Separates"
7962,141683,"11","CI","Target Age Group","30 Years Of Age"
7963,141683,"02","FO","Shapes","Pleated Trousers"
7964,141683,"02","MO","Morphology","All Sizes"
7965,141683,"SW","MV","Moment Of Life","Sportswear"
7966,141683,"02","TE","Dyeing","Color Woven"
7967,141683,"01","TI","Materials","100% Cotton"
7968,141683,"03","TP","Price Bracket","Middle"
7969,141683,"CT","TT","Fabric Type","Warp & Filling"
7970,141683,"01","UF","Plain / Fancy","Plain"
8248,142500,"11","CI","Target Age Group","30 Years Of Age"
8249,142500,"11","FO","Shapes","Stovepipe (Trousers)  With Marked Folds"
8250,142500,"SW","MV","Moment Of Life","Sportswear"
8251,142500,"01","TI","Materials","100% Cotton"
8252,142500,"02","UF","Plain / Fancy","Fant.(Fancy) Multi-Colored"
8447,142905,"11","CI","Target Age Group","30 Years Of Age"
8448,142905,"05","FO","Shapes","Shorts"
8449,142905,"SW","MV","Moment Of Life","Sportswear"
8450,142905,"01","TI","Materials","100% Cotton"
8451,142905,"01","UF","Plain / Fancy","Plain"
8486,143269,"11","CI","Target Age Group","30 Years Of Age"
8487,143269,"04","FO","Shapes","5 Pockets-  5 False Pockets"
8488,143269,"SW","MV","Moment Of Life","Sportswear"
8489,143269,"01","TI","Materials","100% Cotton"
8490,143269,"01","UF","Plain / Fancy","Plain"
8680,143847,"10","CI","Target Age Group","18-25 Years Of Age"
8681,143847,"SW","MV","Moment Of Life","Sportswear"
8682,143847,"01","TI","Materials","100% Cotton"
8683,143847,"01","UF","Plain / Fancy","Plain"
8684,143848,"10","CI","Target Age Group","18-25 Years Of Age"
8685,143848,"SW","MV","Moment Of Life","Sportswear"
8686,143848,"01","TI","Materials","100% Cotton"
8687,143848,"01","UF","Plain / Fancy","Plain"
8723,143903,"11","CI","Target Age Group","30 Years Of Age"
8724,143903,"05","FO","Shapes","Shorts"
8725,143903,"01","MO","Morphology","Small Sizes"
8726,143903,"SW","MV","Moment Of Life","Sportswear"
8727,143903,"07","TI","Materials","Stitch"
8728,143903,"03","TP","Price Bracket","Middle"
8729,143903,"01","UF","Plain / Fancy","Plain"
8764,143994,"10","CI","Target Age Group","18-25 Years Of Age"
8765,143994,"SW","MV","Moment Of Life","Sportswear"
8766,143994,"01","TI","Materials","100% Cotton"
8767,143994,"01","UF","Plain / Fancy","Plain"
8768,143995,"10","CI","Target Age Group","18-25 Years Of Age"
8769,143995,"SW","MV","Moment Of Life","Sportswear"
8770,143995,"01","TI","Materials","100% Cotton"
8771,143995,"02","UF","Plain / Fancy","Fant.(Fancy) Multi-Colored"
8901,144100,"11","CI","Target Age Group","30 Years Of Age"
8902,144100,"04","FO","Shapes","5 Pockets-  5 False Pockets"
8903,144100,"SW","MV","Moment Of Life","Sportswear"
8904,144100,"ZZ","TI","Materials","Other"
8905,144100,"03","TP","Price Bracket","Middle"
8906,144100,"01","UF","Plain / Fancy","Plain"
8907,144102,"11","CI","Target Age Group","30 Years Of Age"
8908,144102,"04","FO","Shapes","5 Pockets-  5 False Pockets"
8909,144102,"SW","MV","Moment Of Life","Sportswear"
8910,144102,"EM","ST","Style","Emergent"
8911,144102,"ZZ","TI","Materials","Other"
8912,144102,"03","TP","Price Bracket","Middle"
8913,144102,"01","UF","Plain / Fancy","Plain"
8962,144251,"10","CI","Target Age Group","18-25 Years Of Age"
8963,144251,"05","FO","Shapes","Shorts"
8964,144251,"SW","MV","Moment Of Life","Sportswear"
8965,144251,"01","TI","Materials","100% Cotton"
8966,144251,"02","UF","Plain / Fancy","Fant.(Fancy) Multi-Colored"
9000,144289,"00","CD","Separates","No Separates"
9001,144289,"10","CI","Target Age Group","18-25 Years Of Age"
9002,144289,"04","FO","Shapes","5 Pockets-  5 False Pockets"
9003,144289,"02","MO","Morphology","All Sizes"
9004,144289,"SW","MV","Moment Of Life","Sportswear"
9005,144289,"ES","ST","Style","Basic, Essential"
9006,144289,"02","TE","Dyeing","Color Woven"
9007,144289,"19","TH","Theme","Night"
9008,144289,"33","TI","Materials","Cotton Lycra"
9009,144289,"03","TP","Price Bracket","Middle"
9010,144289,"CT","TT","Fabric Type","Warp & Filling"
9011,144289,"01","UF","Plain / Fancy","Plain"
9012,144290,"00","CD","Separates","No Separates"
9013,144290,"10","CI","Target Age Group","18-25 Years Of Age"
9014,144290,"01","CM","Store Category","Small (Everywhere)"
9015,144290,"04","FO","Shapes","5 Pockets-  5 False Pockets"
9016,144290,"02","MO","Morphology","All Sizes"
9017,144290,"SW","MV","Moment Of Life","Sportswear"
9018,144290,"ES","ST","Style","Basic, Essential"
9019,144290,"02","TE","Dyeing","Color Woven"
9020,144290,"00","TH","Theme","Basic Theme"
9021,144290,"33","TI","Materials","Cotton Lycra"
9022,144290,"03","TP","Price Bracket","Middle"
9023,144290,"CT","TT","Fabric Type","Warp & Filling"
9024,144290,"01","UF","Plain / Fancy","Plain"
9370,144912,"90","CI","Target Age Group","Not Employed Anymore : Test"
9371,144912,"ZZ","FO","Shapes","Other"
9372,144912,"SW","MV","Moment Of Life","Sportswear"
9373,144912,"TS","TH","Theme","Test"
9374,144912,"ZZ","TI","Materials","Other"
9375,144912,"03","TP","Price Bracket","Middle"
9376,144912,"90","UF","Plain / Fancy","Not Employed Anymore : Test"
9377,144921,"10","CI","Target Age Group","18-25 Years Of Age"
9378,144921,"04","FO","Shapes","5 Pockets-  5 False Pockets"
9379,144921,"SW","MV","Moment Of Life","Sportswear"
9380,144921,"01","TI","Materials","100% Cotton"
9381,144921,"03","TP","Price Bracket","Middle"
9382,144921,"01","UF","Plain / Fancy","Plain"
9383,144928,"10","CI","Target Age Group","18-25 Years Of Age"
9384,144928,"04","FO","Shapes","5 Pockets-  5 False Pockets"
9385,144928,"SW","MV","Moment Of Life","Sportswear"
9386,144928,"01","TI","Materials","100% Cotton"
9387,144928,"03","TP","Price Bracket","Middle"
9388,144928,"01","UF","Plain / Fancy","Plain"
9389,144940,"00","CD","Separates","No Separates"
9390,144940,"11","CI","Target Age Group","30 Years Of Age"
9391,144940,"01","CM","Store Category","Small (Everywhere)"
9392,144940,"04","FO","Shapes","5 Pockets-  5 False Pockets"
9393,144940,"02","MO","Morphology","All Sizes"
9394,144940,"SW","MV","Moment Of Life","Sportswear"
9395,144940,"ES","ST","Style","Basic, Essential"
9396,144940,"03","TE","Dyeing","Piece Dyed"
9397,144940,"00","TH","Theme","Basic Theme"
9398,144940,"TS","TH","Theme","Test"
9399,144940,"43","TI","Materials","100% Polyamide"
9400,144940,"03","TP","Price Bracket","Middle"
9401,144940,"MA","TT","Fabric Type","Stitch"
9402,144940,"01","UF","Plain / Fancy","Plain"
9403,144944,"00","CD","Separates","No Separates"
9404,144944,"11","CI","Target Age Group","30 Years Of Age"
9405,144944,"04","FO","Shapes","5 Pockets-  5 False Pockets"
9406,144944,"02","MO","Morphology","All Sizes"
9407,144944,"SW","MV","Moment Of Life","Sportswear"
9408,144944,"ES","ST","Style","Basic, Essential"
9409,144944,"03","TE","Dyeing","Piece Dyed"
9410,144944,"00","TH","Theme","Basic Theme"
9411,144944,"43","TI","Materials","100% Polyamide"
9412,144944,"MA","TT","Fabric Type","Stitch"
9413,144944,"01","UF","Plain / Fancy","Plain"
9414,144945,"00","CD","Separates","No Separates"
9415,144945,"11","CI","Target Age Group","30 Years Of Age"
9416,144945,"04","FO","Shapes","5 Pockets-  5 False Pockets"
9417,144945,"02","MO","Morphology","All Sizes"
9418,144945,"SW","MV","Moment Of Life","Sportswear"
9419,144945,"ES","ST","Style","Basic, Essential"
9420,144945,"03","TE","Dyeing","Piece Dyed"
9421,144945,"00","TH","Theme","Basic Theme"
9422,144945,"43","TI","Materials","100% Polyamide"
9423,144945,"MA","TT","Fabric Type","Stitch"
9424,144945,"01","UF","Plain / Fancy","Plain"
9598,145403,"00","CD","Separates","No Separates"
9599,145403,"10","CI","Target Age Group","18-25 Years Of Age"
9600,145403,"04","FO","Shapes","5 Pockets-  5 False Pockets"
9601,145403,"02","MO","Morphology","All Sizes"
9602,145403,"SW","MV","Moment Of Life","Sportswear"
9603,145403,"03","TE","Dyeing","Piece Dyed"
9604,145403,"00","TH","Theme","Basic Theme"
9605,145403,"02","TI","Materials","Denim"
9606,145403,"03","TP","Price Bracket","Middle"
9607,145403,"CT","TT","Fabric Type","Warp & Filling"
9608,145403,"01","UF","Plain / Fancy","Plain"
9609,145404,"00","CD","Separates","No Separates"
9610,145404,"10","CI","Target Age Group","18-25 Years Of Age"
9611,145404,"04","FO","Shapes","5 Pockets-  5 False Pockets"
9612,145404,"02","MO","Morphology","All Sizes"
9613,145404,"SW","MV","Moment Of Life","Sportswear"
9614,145404,"ES","ST","Style","Basic, Essential"
9615,145404,"03","TE","Dyeing","Piece Dyed"
9616,145404,"00","TH","Theme","Basic Theme"
9617,145404,"02","TI","Materials","Denim"
9618,145404,"CT","TT","Fabric Type","Warp & Filling"
9619,145404,"01","UF","Plain / Fancy","Plain"
10139,146334,"90","CI","Target Age Group","Not Employed Anymore : Test"
10140,146334,"ZZ","FO","Shapes","Other"
10141,146334,"SW","MV","Moment Of Life","Sportswear"
10142,146334,"TS","TH","Theme","Test"
10143,146334,"ZZ","TI","Materials","Other"
10144,146334,"90","UF","Plain / Fancy","Not Employed Anymore : Test"
10160,146378,"11","CI","Target Age Group","30 Years Of Age"
10161,146378,"11","FO","Shapes","Stovepipe (Trousers)  With Marked Folds"
10162,146378,"SW","MV","Moment Of Life","Sportswear"
10163,146378,"ES","ST","Style","Basic, Essential"
10164,146378,"06","TI","Materials","Polyester Blend"
10165,146378,"01","UF","Plain / Fancy","Plain"
10166,146379,"11","CI","Target Age Group","30 Years Of Age"
10167,146379,"11","FO","Shapes","Stovepipe (Trousers)  With Marked Folds"
10168,146379,"02","MO","Morphology","All Sizes"
10169,146379,"SW","MV","Moment Of Life","Sportswear"
10170,146379,"06","TI","Materials","Polyester Blend"
10171,146379,"01","UF","Plain / Fancy","Plain"
10214,146552,"00","CD","Separates","No Separates"
10215,146552,"10","CI","Target Age Group","18-25 Years Of Age"
10216,146552,"01","CM","Store Category","Small (Everywhere)"
10217,146552,"04","FO","Shapes","5 Pockets-  5 False Pockets"
10218,146552,"02","MO","Morphology","All Sizes"
10219,146552,"SW","MV","Moment Of Life","Sportswear"
10220,146552,"ES","ST","Style","Basic, Essential"
10221,146552,"03","TE","Dyeing","Piece Dyed"
10222,146552,"00","TH","Theme","Basic Theme"
10223,146552,"43","TI","Materials","100% Polyamide"
10224,146552,"MA","TT","Fabric Type","Stitch"
10225,146552,"01","UF","Plain / Fancy","Plain"
10316,146751,"10","CI","Target Age Group","18-25 Years Of Age"
10317,146751,"04","FO","Shapes","5 Pockets-  5 False Pockets"
10318,146751,"02","MO","Morphology","All Sizes"
10319,146751,"SW","MV","Moment Of Life","Sportswear"
10320,146751,"CC","ST","Style","Heart-Shaped Cut"
10321,146751,"23","TH","Theme","Fair Pastel"
10322,146751,"01","TI","Materials","100% Cotton"
10323,146751,"02","UF","Plain / Fancy","Fant.(Fancy) Multi-Colored"
10374,147070,"10","CI","Target Age Group","18-25 Years Of Age"
10375,147070,"04","FO","Shapes","5 Pockets-  5 False Pockets"
10376,147070,"02","MO","Morphology","All Sizes"
10377,147070,"SW","MV","Moment Of Life","Sportswear"
10378,147070,"ES","ST","Style","Basic, Essential"
10379,147070,"09","TI","Materials","Imitation Leather"
10380,147070,"03","TP","Price Bracket","Middle"
10381,147070,"01","UF","Plain / Fancy","Plain"
10596,147915,"90","CI","Target Age Group","Not Employed Anymore : Test"
10597,147915,"ZZ","FO","Shapes","Other"
10598,147915,"SW","MV","Moment Of Life","Sportswear"
10599,147915,"ZZ","TI","Materials","Other"
10600,147915,"03","TP","Price Bracket","Middle"
10601,147915,"90","UF","Plain / Fancy","Not Employed Anymore : Test"
10626,148002,"10","CI","Target Age Group","18-25 Years Of Age"
10627,148002,"04","FO","Shapes","5 Pockets-  5 False Pockets"
10628,148002,"02","MO","Morphology","All Sizes"
10629,148002,"SW","MV","Moment Of Life","Sportswear"
10630,148002,"01","TI","Materials","100% Cotton"
10631,148002,"03","TP","Price Bracket","Middle"
10632,148002,"02","UF","Plain / Fancy","Fant.(Fancy) Multi-Colored"
10633,148032,"10","CI","Target Age Group","18-25 Years Of Age"
10634,148032,"04","FO","Shapes","5 Pockets-  5 False Pockets"
10635,148032,"02","MO","Morphology","All Sizes"
10636,148032,"SW","MV","Moment Of Life","Sportswear"
10637,148032,"CC","ST","Style","Heart-Shaped Cut"
10638,148032,"01","TI","Materials","100% Cotton"
10639,148032,"03","TP","Price Bracket","Middle"
10640,148032,"01","UF","Plain / Fancy","Plain"
10861,148353,"10","CI","Target Age Group","18-25 Years Of Age"
10862,148353,"01","CM","Store Category","Small (Everywhere)"
10863,148353,"05","FO","Shapes","Shorts"
10864,148353,"02","MO","Morphology","All Sizes"
10865,148353,"SW","MV","Moment Of Life","Sportswear"
10866,148353,"EM","ST","Style","Emergent"
10867,148353,"ES","ST","Style","Basic, Essential"
10868,148353,"23","TH","Theme","Fair Pastel"
10869,148353,"06","TI","Materials","Polyester Blend"
10870,148353,"01","TP","Price Bracket","Hose"
10871,148353,"01","UF","Plain / Fancy","Plain"
10995,148540,"11","CI","Target Age Group","30 Years Of Age"
10996,148540,"04","FO","Shapes","5 Pockets-  5 False Pockets"
10997,148540,"02","MO","Morphology","All Sizes"
10998,148540,"SW","MV","Moment Of Life","Sportswear"
10999,148540,"01","TI","Materials","100% Cotton"
11000,148540,"02","UF","Plain / Fancy","Fant.(Fancy) Multi-Colored"
11039,148622,"11","CI","Target Age Group","30 Years Of Age"
11040,148622,"04","FO","Shapes","5 Pockets-  5 False Pockets"
11041,148622,"02","MO","Morphology","All Sizes"
11042,148622,"SW","MV","Moment Of Life","Sportswear"
11043,148622,"CC","ST","Style","Heart-Shaped Cut"
11044,148622,"23","TH","Theme","Fair Pastel"
11045,148622,"01","TI","Materials","100% Cotton"
11046,148622,"02","UF","Plain / Fancy","Fant.(Fancy) Multi-Colored"
11419,149110,"11","CI","Target Age Group","30 Years Of Age"
11420,149110,"01","CM","Store Category","Small (Everywhere)"
11421,149110,"05","FO","Shapes","Shorts"
11422,149110,"02","MO","Morphology","All Sizes"
11423,149110,"SW","MV","Moment Of Life","Sportswear"
11424,149110,"CC","ST","Style","Heart-Shaped Cut"
11425,149110,"ES","ST","Style","Basic, Essential"
11426,149110,"19","TH","Theme","Night"
11427,149110,"48","TH","Theme","Venitian"
11428,149110,"07","TI","Materials","Stitch"
11429,149110,"01","TP","Price Bracket","Hose"
11430,149110,"01","UF","Plain / Fancy","Plain"
11463,149121,"11","CI","Target Age Group","30 Years Of Age"
11464,149121,"04","FO","Shapes","5 Pockets-  5 False Pockets"
11465,149121,"02","MO","Morphology","All Sizes"
11466,149121,"SW","MV","Moment Of Life","Sportswear"
11467,149121,"01","TI","Materials","100% Cotton"
11468,149121,"03","TP","Price Bracket","Middle"
11469,149121,"01","UF","Plain / Fancy","Plain"
12658,150850,"11","CI","Target Age Group","30 Years Of Age"
12659,150850,"05","FO","Shapes","Shorts"
12660,150850,"N","GR","Strength Management","No"
12661,150850,"02","MO","Morphology","All Sizes"
12662,150850,"SW","MV","Moment Of Life","Sportswear"
12663,150850,"07","TI","Materials","Stitch"
12664,150850,"01","TP","Price Bracket","Hose"
12665,150850,"02","UF","Plain / Fancy","Fant.(Fancy) Multi-Colored"
13279,151807,"90","CI","Target Age Group","Not Employed Anymore : Test"
13280,151807,"ZZ","FO","Shapes","Other"
13281,151807,"N","GR","Strength Management","No"
13282,151807,"SW","MV","Moment Of Life","Sportswear"
13283,151807,"ZZ","TI","Materials","Other"
13284,151807,"01","TP","Price Bracket","Hose"
13285,151807,"90","UF","Plain / Fancy","Not Employed Anymore : Test"
13286,151810,"90","CI","Target Age Group","Not Employed Anymore : Test"
13287,151810,"ZZ","FO","Shapes","Other"
13288,151810,"N","GR","Strength Management","No"
13289,151810,"SW","MV","Moment Of Life","Sportswear"
13290,151810,"ZZ","TI","Materials","Other"
13291,151810,"01","TP","Price Bracket","Hose"
13292,151810,"90","UF","Plain / Fancy","Not Employed Anymore : Test"
15553,155570,"00","CD","Separates","No Separates"
15554,155570,"11","CI","Target Age Group","30 Years Of Age"
15555,155570,"01","CM","Store Category","Small (Everywhere)"
15556,155570,"03","CM","Store Category","Medium-Large (Med.Large,Extre Large)"
15557,155570,"04","FO","Shapes","5 Pockets-  5 False Pockets"
15558,155570,"N","GR","Strength Management","No"
15559,155570,"02","MO","Morphology","All Sizes"
15560,155570,"SW","MV","Moment Of Life","Sportswear"
15561,155570,"EM","ST","Style","Emergent"
15562,155570,"03","TE","Dyeing","Piece Dyed"
15563,155570,"25","TH","Theme","Honey And Earth"
15564,155570,"27","TH","Theme","Blue Coast"
15565,155570,"33","TI","Materials","Cotton Lycra"
15566,155570,"05","TP","Price Bracket","High"
15567,155570,"CT","TT","Fabric Type","Warp & Filling"
15568,155570,"01","UF","Plain / Fancy","Plain"
15569,155576,"00","CD","Separates","No Separates"
15570,155576,"11","CI","Target Age Group","30 Years Of Age"
15571,155576,"01","CM","Store Category","Small (Everywhere)"
15572,155576,"04","FO","Shapes","5 Pockets-  5 False Pockets"
15573,155576,"N","GR","Strength Management","No"
15574,155576,"02","MO","Morphology","All Sizes"
15575,155576,"SW","MV","Moment Of Life","Sportswear"
15576,155576,"ES","ST","Style","Basic, Essential"
15577,155576,"03","TE","Dyeing","Piece Dyed"
15578,155576,"00","TH","Theme","Basic Theme"
15579,155576,"02","TI","Materials","Denim"
15580,155576,"CT","TT","Fabric Type","Warp & Filling"
15581,155576,"01","UF","Plain / Fancy","Plain"
15687,155716,"00","CD","Separates","No Separates"
15688,155716,"11","CI","Target Age Group","30 Years Of Age"
15689,155716,"01","CM","Store Category","Small (Everywhere)"
15690,155716,"04","FO","Shapes","5 Pockets-  5 False Pockets"
15691,155716,"N","GR","Strength Management","No"
15692,155716,"02","MO","Morphology","All Sizes"
15693,155716,"SW","MV","Moment Of Life","Sportswear"
15694,155716,"CC","ST","Style","Heart-Shaped Cut"
15695,155716,"01","TE","Dyeing","Printed"
15696,155716,"27","TH","Theme","Blue Coast"
15697,155716,"33","TI","Materials","Cotton Lycra"
15698,155716,"03","TP","Price Bracket","Middle"
15699,155716,"CT","TT","Fabric Type","Warp & Filling"
15700,155716,"02","UF","Plain / Fancy","Fant.(Fancy) Multi-Colored"
15981,155939,"00","CD","Separates","No Separates"
15982,155939,"10","CI","Target Age Group","18-25 Years Of Age"
15983,155939,"01","CM","Store Category","Small (Everywhere)"
15984,155939,"03","CM","Store Category","Medium-Large (Med.Large,Extre Large)"
15985,155939,"04","FO","Shapes","5 Pockets-  5 False Pockets"
15986,155939,"N","GR","Strength Management","No"
15987,155939,"02","MO","Morphology","All Sizes"
15988,155939,"SW","MV","Moment Of Life","Sportswear"
15989,155939,"EM","ST","Style","Emergent"
15990,155939,"ES","ST","Style","Basic, Essential"
15991,155939,"03","TE","Dyeing","Piece Dyed"
15992,155939,"00","TH","Theme","Basic Theme"
15993,155939,"33","TI","Materials","Cotton Lycra"
15994,155939,"CT","TT","Fabric Type","Warp & Filling"
15995,155939,"01","UF","Plain / Fancy","Plain"
16106,156171,"00","CD","Separates","No Separates"
16107,156171,"11","CI","Target Age Group","30 Years Of Age"
16108,156171,"01","CM","Store Category","Small (Everywhere)"
16109,156171,"02","CM","Store Category","Medium (Medium, Large, Extra Large)"
16110,156171,"04","CM","Store Category","Large (Large, Extra Large)"
16111,156171,"04","FO","Shapes","5 Pockets-  5 False Pockets"
16112,156171,"N","GR","Strength Management","No"
16113,156171,"02","MO","Morphology","All Sizes"
16114,156171,"SW","MV","Moment Of Life","Sportswear"
16115,156171,"CC","ST","Style","Heart-Shaped Cut"
16116,156171,"03","TE","Dyeing","Piece Dyed"
16117,156171,"25","TH","Theme","Honey And Earth"
16118,156171,"31","TH","Theme","Chocolate Blue"
16119,156171,"33","TI","Materials","Cotton Lycra"
16120,156171,"03","TP","Price Bracket","Middle"
16121,156171,"CT","TT","Fabric Type","Warp & Filling"
16122,156171,"02","UF","Plain / Fancy","Fant.(Fancy) Multi-Colored"
16123,156173,"00","CD","Separates","No Separates"
16124,156173,"11","CI","Target Age Group","30 Years Of Age"
16125,156173,"01","CM","Store Category","Small (Everywhere)"
16126,156173,"04","FO","Shapes","5 Pockets-  5 False Pockets"
16127,156173,"N","GR","Strength Management","No"
16128,156173,"02","MO","Morphology","All Sizes"
16129,156173,"SW","MV","Moment Of Life","Sportswear"
16130,156173,"CC","ST","Style","Heart-Shaped Cut"
16131,156173,"03","TE","Dyeing","Piece Dyed"
16132,156173,"27","TH","Theme","Blue Coast"
16133,156173,"31","TH","Theme","Chocolate Blue"
16134,156173,"33","TI","Materials","Cotton Lycra"
16135,156173,"03","TP","Price Bracket","Middle"
16136,156173,"CT","TT","Fabric Type","Warp & Filling"
16137,156173,"02","UF","Plain / Fancy","Fant.(Fancy) Multi-Colored"
17989,157518,"00","CD","Separates","No Separates"
17990,157518,"10","CI","Target Age Group","18-25 Years Of Age"
17991,157518,"01","CM","Store Category","Small (Everywhere)"
17992,157518,"04","FO","Shapes","5 Pockets-  5 False Pockets"
17993,157518,"N","GR","Strength Management","No"
17994,157518,"02","MO","Morphology","All Sizes"
17995,157518,"SW","MV","Moment Of Life","Sportswear"
17996,157518,"EM","ST","Style","Emergent"
17997,157518,"02","TE","Dyeing","Color Woven"
17998,157518,"00","TH","Theme","Basic Theme"
17999,157518,"02","TI","Materials","Denim"
18000,157518,"03","TP","Price Bracket","Middle"
18001,157518,"CT","TT","Fabric Type","Warp & Filling"
18002,157518,"01","UF","Plain / Fancy","Plain"
18242,157599,"00","CD","Separates","No Separates"
18243,157599,"11","CI","Target Age Group","30 Years Of Age"
18244,157599,"01","CM","Store Category","Small (Everywhere)"
18245,157599,"02","CM","Store Category","Medium (Medium, Large, Extra Large)"
18246,157599,"03","CM","Store Category","Medium-Large (Med.Large,Extre Large)"
18247,157599,"05","FO","Shapes","Shorts"
18248,157599,"N","GR","Strength Management","No"
18249,157599,"02","MO","Morphology","All Sizes"
18250,157599,"SW","MV","Moment Of Life","Sportswear"
18251,157599,"EM","ST","Style","Emergent"
18252,157599,"03","TE","Dyeing","Piece Dyed"
18253,157599,"31","TH","Theme","Chocolate Blue"
18254,157599,"32","TH","Theme","Domino"
18255,157599,"43","TI","Materials","100% Polyamide"
18256,157599,"01","TP","Price Bracket","Hose"
18257,157599,"MA","TT","Fabric Type","Stitch"
18258,157599,"01","UF","Plain / Fancy","Plain"
19057,158152,"00","CD","Separates","No Separates"
19058,158152,"11","CI","Target Age Group","30 Years Of Age"
19059,158152,"01","CM","Store Category","Small (Everywhere)"
19060,158152,"07","FO","Shapes","Loose-Fitting"
19061,158152,"N","GR","Strength Management","No"
19062,158152,"02","MO","Morphology","All Sizes"
19063,158152,"SW","MV","Moment Of Life","Sportswear"
19064,158152,"ES","ST","Style","Basic, Essential"
19065,158152,"01","TE","Dyeing","Printed"
19066,158152,"00","TH","Theme","Basic Theme"
19067,158152,"39","TI","Materials","100% Viscose"
19068,158152,"01","TP","Price Bracket","Hose"
19069,158152,"CT","TT","Fabric Type","Warp & Filling"
19070,158152,"02","UF","Plain / Fancy","Fant.(Fancy) Multi-Colored"
20691,159172,"00","CD","Separates","No Separates"
20692,159172,"10","CI","Target Age Group","18-25 Years Of Age"
20693,159172,"01","CM","Store Category","Small (Everywhere)"
20694,159172,"07","FO","Shapes","Loose-Fitting"
20695,159172,"N","GR","Strength Management","No"
20696,159172,"02","MO","Morphology","All Sizes"
20697,159172,"SW","MV","Moment Of Life","Sportswear"
20698,159172,"CC","ST","Style","Heart-Shaped Cut"
20699,159172,"ES","ST","Style","Basic, Essential"
20700,159172,"01","TE","Dyeing","Printed"
20701,159172,"39","TI","Materials","100% Viscose"
20702,159172,"01","TP","Price Bracket","Hose"
20703,159172,"CT","TT","Fabric Type","Warp & Filling"
20704,159172,"02","UF","Plain / Fancy","Fant.(Fancy) Multi-Colored"
21465,159421,"00","CD","Separates","No Separates"
21466,159421,"10","CI","Target Age Group","18-25 Years Of Age"
21467,159421,"02","CM","Store Category","Medium (Medium, Large, Extra Large)"
21468,159421,"04","CM","Store Category","Large (Large, Extra Large)"
21469,159421,"04","FO","Shapes","5 Pockets-  5 False Pockets"
21470,159421,"N","GR","Strength Management","No"
21471,159421,"01","MO","Morphology","Small Sizes"
21472,159421,"SW","MV","Moment Of Life","Sportswear"
21473,159421,"CC","ST","Style","Heart-Shaped Cut"
21474,159421,"01","TE","Dyeing","Printed"
21475,159421,"33","TI","Materials","Cotton Lycra"
21476,159421,"CT","TT","Fabric Type","Warp & Filling"
21477,159421,"02","UF","Plain / Fancy","Fant.(Fancy) Multi-Colored"
21535,159438,"00","CD","Separates","No Separates"
21536,159438,"10","CI","Target Age Group","18-25 Years Of Age"
21537,159438,"01","CM","Store Category","Small (Everywhere)"
21538,159438,"03","CM","Store Category","Medium-Large (Med.Large,Extre Large)"
21539,159438,"11","FO","Shapes","Stovepipe (Trousers)  With Marked Folds"
21540,159438,"N","GR","Strength Management","No"
21541,159438,"02","MO","Morphology","All Sizes"
21542,159438,"SW","MV","Moment Of Life","Sportswear"
21543,159438,"CC","ST","Style","Heart-Shaped Cut"
21544,159438,"ES","ST","Style","Basic, Essential"
21545,159438,"03","TE","Dyeing","Piece Dyed"
21546,159438,"35","TI","Materials","Other Fabrics With Lycra"
21547,159438,"03","TP","Price Bracket","Middle"
21548,159438,"CT","TT","Fabric Type","Warp & Filling"
21549,159438,"02","UF","Plain / Fancy","Fant.(Fancy) Multi-Colored"
21592,159454,"00","CD","Separates","No Separates"
21593,159454,"11","CI","Target Age Group","30 Years Of Age"
21594,159454,"01","CM","Store Category","Small (Everywhere)"
21595,159454,"07","FO","Shapes","Loose-Fitting"
21596,159454,"N","GR","Strength Management","No"
21597,159454,"02","MO","Morphology","All Sizes"
21598,159454,"SW","MV","Moment Of Life","Sportswear"
21599,159454,"ES","ST","Style","Basic, Essential"
21600,159454,"02","TE","Dyeing","Color Woven"
21601,159454,"31","TH","Theme","Chocolate Blue"
21602,159454,"03","TP","Price Bracket","Middle"
21603,159454,"CT","TT","Fabric Type","Warp & Filling"
21604,159454,"02","UF","Plain / Fancy","Fant.(Fancy) Multi-Colored"
21980,159705,"00","CD","Separates","No Separates"
21981,159705,"11","CI","Target Age Group","30 Years Of Age"
21982,159705,"01","CM","Store Category","Small (Everywhere)"
21983,159705,"04","FO","Shapes","5 Pockets-  5 False Pockets"
21984,159705,"N","GR","Strength Management","No"
21985,159705,"02","MO","Morphology","All Sizes"
21986,159705,"SW","MV","Moment Of Life","Sportswear"
21987,159705,"ES","ST","Style","Basic, Essential"
21988,159705,"03","TE","Dyeing","Piece Dyed"
21989,159705,"00","TH","Theme","Basic Theme"
21990,159705,"43","TI","Materials","100% Polyamide"
21991,159705,"MA","TT","Fabric Type","Stitch"
21992,159705,"01","UF","Plain / Fancy","Plain"
22024,159769,"00","CD","Separates","No Separates"
22025,159769,"11","CI","Target Age Group","30 Years Of Age"
22026,159769,"01","CM","Store Category","Small (Everywhere)"
22027,159769,"04","FO","Shapes","5 Pockets-  5 False Pockets"
22028,159769,"N","GR","Strength Management","No"
22029,159769,"02","MO","Morphology","All Sizes"
22030,159769,"SW","MV","Moment Of Life","Sportswear"
22031,159769,"CC","ST","Style","Heart-Shaped Cut"
22032,159769,"03","TE","Dyeing","Piece Dyed"
22033,159769,"TS","TH","Theme","Test"
22034,159769,"43","TI","Materials","100% Polyamide"
22035,159769,"03","TP","Price Bracket","Middle"
22036,159769,"MA","TT","Fabric Type","Stitch"
22037,159769,"01","UF","Plain / Fancy","Plain"
22174,159907,"00","CD","Separates","No Separates"
22175,159907,"10","CI","Target Age Group","18-25 Years Of Age"
22176,159907,"01","CM","Store Category","Small (Everywhere)"
22177,159907,"ZZ","FO","Shapes","Other"
22178,159907,"N","GR","Strength Management","No"
22179,159907,"02","MO","Morphology","All Sizes"
22180,159907,"SW","MV","Moment Of Life","Sportswear"
22181,159907,"ES","ST","Style","Basic, Essential"
22182,159907,"03","TE","Dyeing","Piece Dyed"
22183,159907,"36","TH","Theme","Vitamin Cocktail"
22184,159907,"01","TI","Materials","100% Cotton"
22185,159907,"01","TP","Price Bracket","Hose"
22186,159907,"CT","TT","Fabric Type","Warp & Filling"
22187,159907,"02","UF","Plain / Fancy","Fant.(Fancy) Multi-Colored"
22188,159908,"00","CD","Separates","No Separates"
22189,159908,"10","CI","Target Age Group","18-25 Years Of Age"
22190,159908,"01","CM","Store Category","Small (Everywhere)"
22191,159908,"04","FO","Shapes","5 Pockets-  5 False Pockets"
22192,159908,"N","GR","Strength Management","No"
22193,159908,"02","MO","Morphology","All Sizes"
22194,159908,"SW","MV","Moment Of Life","Sportswear"
22195,159908,"ES","ST","Style","Basic, Essential"
22196,159908,"03","TE","Dyeing","Piece Dyed"
22197,159908,"36","TH","Theme","Vitamin Cocktail"
22198,159908,"01","TI","Materials","100% Cotton"
22199,159908,"CT","TT","Fabric Type","Warp & Filling"
22200,159908,"02","UF","Plain / Fancy","Fant.(Fancy) Multi-Colored"
22696,160209,"00","CD","Separates","No Separates"
22697,160209,"11","CI","Target Age Group","30 Years Of Age"
22698,160209,"01","CM","Store Category","Small (Everywhere)"
22699,160209,"04","CM","Store Category","Large (Large, Extra Large)"
22700,160209,"04","FO","Shapes","5 Pockets-  5 False Pockets"
22701,160209,"N","GR","Strength Management","No"
22702,160209,"02","MO","Morphology","All Sizes"
22703,160209,"SW","MV","Moment Of Life","Sportswear"
22704,160209,"ES","ST","Style","Basic, Essential"
22705,160209,"03","TE","Dyeing","Piece Dyed"
22706,160209,"00","TH","Theme","Basic Theme"
22707,160209,"01","TI","Materials","100% Cotton"
22708,160209,"CT","TT","Fabric Type","Warp & Filling"
22709,160209,"01","UF","Plain / Fancy","Plain"
22752,160243,"00","CD","Separates","No Separates"
22753,160243,"11","CI","Target Age Group","30 Years Of Age"
22754,160243,"01","CM","Store Category","Small (Everywhere)"
22755,160243,"04","FO","Shapes","5 Pockets-  5 False Pockets"
22756,160243,"N","GR","Strength Management","No"
22757,160243,"02","MO","Morphology","All Sizes"
22758,160243,"SW","MV","Moment Of Life","Sportswear"
22759,160243,"EM","ST","Style","Emergent"
22760,160243,"03","TE","Dyeing","Piece Dyed"
22761,160243,"TS","TH","Theme","Test"
22762,160243,"33","TI","Materials","Cotton Lycra"
22763,160243,"03","TP","Price Bracket","Middle"
22764,160243,"CT","TT","Fabric Type","Warp & Filling"
22765,160243,"02","UF","Plain / Fancy","Fant.(Fancy) Multi-Colored"
22954,160370,"00","CD","Separates","No Separates"
22955,160370,"10","CI","Target Age Group","18-25 Years Of Age"
22956,160370,"01","CM","Store Category","Small (Everywhere)"
22957,160370,"04","FO","Shapes","5 Pockets-  5 False Pockets"
22958,160370,"N","GR","Strength Management","No"
22959,160370,"02","MO","Morphology","All Sizes"
22960,160370,"SW","MV","Moment Of Life","Sportswear"
22961,160370,"CC","ST","Style","Heart-Shaped Cut"
22962,160370,"02","TE","Dyeing","Color Woven"
22963,160370,"33","TI","Materials","Cotton Lycra"
22964,160370,"03","TP","Price Bracket","Middle"
22965,160370,"CT","TT","Fabric Type","Warp & Filling"
22966,160370,"02","UF","Plain / Fancy","Fant.(Fancy) Multi-Colored"
22967,160371,"00","CD","Separates","No Separates"
22968,160371,"10","CI","Target Age Group","18-25 Years Of Age"
22969,160371,"01","CM","Store Category","Small (Everywhere)"
22970,160371,"04","FO","Shapes","5 Pockets-  5 False Pockets"
22971,160371,"N","GR","Strength Management","No"
22972,160371,"02","MO","Morphology","All Sizes"
22973,160371,"SW","MV","Moment Of Life","Sportswear"
22974,160371,"CC","ST","Style","Heart-Shaped Cut"
22975,160371,"02","TE","Dyeing","Color Woven"
22976,160371,"33","TI","Materials","Cotton Lycra"
22977,160371,"03","TP","Price Bracket","Middle"
22978,160371,"CT","TT","Fabric Type","Warp & Filling"
22979,160371,"02","UF","Plain / Fancy","Fant.(Fancy) Multi-Colored"
23118,160556,"00","CD","Separates","No Separates"
23119,160556,"10","CI","Target Age Group","18-25 Years Of Age"
23120,160556,"01","CM","Store Category","Small (Everywhere)"
23121,160556,"04","FO","Shapes","5 Pockets-  5 False Pockets"
23122,160556,"N","GR","Strength Management","No"
23123,160556,"02","MO","Morphology","All Sizes"
23124,160556,"SW","MV","Moment Of Life","Sportswear"
23125,160556,"ES","ST","Style","Basic, Essential"
23126,160556,"02","TE","Dyeing","Color Woven"
23127,160556,"CT","TT","Fabric Type","Warp & Filling"
23128,160556,"02","UF","Plain / Fancy","Fant.(Fancy) Multi-Colored"
23527,160812,"00","CD","Separates","No Separates"
23528,160812,"11","CI","Target Age Group","30 Years Of Age"
23529,160812,"01","CM","Store Category","Small (Everywhere)"
23530,160812,"07","FO","Shapes","Loose-Fitting"
23531,160812,"N","GR","Strength Management","No"
23532,160812,"02","MO","Morphology","All Sizes"
23533,160812,"SW","MV","Moment Of Life","Sportswear"
23534,160812,"CC","ST","Style","Heart-Shaped Cut"
23535,160812,"02","TE","Dyeing","Color Woven"
23536,160812,"31","TH","Theme","Chocolate Blue"
23537,160812,"CT","TT","Fabric Type","Warp & Filling"
23538,160812,"02","UF","Plain / Fancy","Fant.(Fancy) Multi-Colored"
24354,161363,"00","CD","Separates","No Separates"
24355,161363,"10","CI","Target Age Group","18-25 Years Of Age"
24356,161363,"01","CM","Store Category","Small (Everywhere)"
24357,161363,"04","CM","Store Category","Large (Large, Extra Large)"
24358,161363,"11","FO","Shapes","Stovepipe (Trousers)  With Marked Folds"
24359,161363,"N","GR","Strength Management","No"
24360,161363,"02","MO","Morphology","All Sizes"
24361,161363,"SW","MV","Moment Of Life","Sportswear"
24362,161363,"TE","PO","Product Type","Thematic"
24363,161363,"CC","ST","Style","Heart-Shaped Cut"
24364,161363,"01","TE","Dyeing","Printed"
24365,161363,"01","TI","Materials","100% Cotton"
24366,161363,"CT","TT","Fabric Type","Warp & Filling"
24367,161363,"02","UF","Plain / Fancy","Fant.(Fancy) Multi-Colored"
25730,162520,"00","CD","Separates","No Separates"
25731,162520,"11","CI","Target Age Group","30 Years Of Age"
25732,162520,"01","CM","Store Category","Small (Everywhere)"
25733,162520,"ZZ","FO","Shapes","Other"
25734,162520,"N","GR","Strength Management","No"
25735,162520,"01","MO","Morphology","Small Sizes"
25736,162520,"SW","MV","Moment Of Life","Sportswear"
25737,162520,"CC","ST","Style","Heart-Shaped Cut"
25738,162520,"02","TE","Dyeing","Color Woven"
25739,162520,"TS","TH","Theme","Test"
25740,162520,"02","TI","Materials","Denim"
25741,162520,"CT","TT","Fabric Type","Warp & Filling"
25742,162520,"01","UF","Plain / Fancy","Plain"
25743,162541,"01","CD","Separates","Separates"
25744,162541,"11","CI","Target Age Group","30 Years Of Age"
25745,162541,"01","CM","Store Category","Small (Everywhere)"
25746,162541,"07","FO","Shapes","Loose-Fitting"
25747,162541,"N","GR","Strength Management","No"
25748,162541,"02","MO","Morphology","All Sizes"
25749,162541,"SW","MV","Moment Of Life","Sportswear"
25750,162541,"CC","ST","Style","Heart-Shaped Cut"
25751,162541,"01","TE","Dyeing","Printed"
25752,162541,"36","TH","Theme","Vitamin Cocktail"
25753,162541,"40","TI","Materials","Polyviscose"
25754,162541,"CT","TT","Fabric Type","Warp & Filling"
25755,162541,"02","UF","Plain / Fancy","Fant.(Fancy) Multi-Colored"
25756,162542,"01","CD","Separates","Separates"
25757,162542,"11","CI","Target Age Group","30 Years Of Age"
25758,162542,"01","CM","Store Category","Small (Everywhere)"
25759,162542,"11","FO","Shapes","Stovepipe (Trousers)  With Marked Folds"
25760,162542,"N","GR","Strength Management","No"
25761,162542,"02","MO","Morphology","All Sizes"
25762,162542,"SW","MV","Moment Of Life","Sportswear"
25763,162542,"CC","ST","Style","Heart-Shaped Cut"
25764,162542,"02","TE","Dyeing","Color Woven"
25765,162542,"01","TI","Materials","100% Cotton"
25766,162542,"03","TP","Price Bracket","Middle"
25767,162542,"CT","TT","Fabric Type","Warp & Filling"
25768,162542,"02","UF","Plain / Fancy","Fant.(Fancy) Multi-Colored"
26036,162655,"00","CD","Separates","No Separates"
26037,162655,"10","CI","Target Age Group","18-25 Years Of Age"
26038,162655,"01","CM","Store Category","Small (Everywhere)"
26039,162655,"N","GR","Strength Management","No"
26040,162655,"01","MO","Morphology","Small Sizes"
26041,162655,"SW","MV","Moment Of Life","Sportswear"
26042,162655,"CC","ST","Style","Heart-Shaped Cut"
26043,162655,"02","TE","Dyeing","Color Woven"
26044,162655,"33","TI","Materials","Cotton Lycra"
26045,162655,"CT","TT","Fabric Type","Warp & Filling"
26046,162655,"01","UF","Plain / Fancy","Plain"
26061,162674,"00","CD","Separates","No Separates"
26062,162674,"11","CI","Target Age Group","30 Years Of Age"
26063,162674,"01","CM","Store Category","Small (Everywhere)"
26064,162674,"03","CM","Store Category","Medium-Large (Med.Large,Extre Large)"
26065,162674,"N","GR","Strength Management","No"
26066,162674,"02","MO","Morphology","All Sizes"
26067,162674,"SW","MV","Moment Of Life","Sportswear"
26068,162674,"CC","ST","Style","Heart-Shaped Cut"
26069,162674,"03","TE","Dyeing","Piece Dyed"
26070,162674,"33","TI","Materials","Cotton Lycra"
26071,162674,"CT","TT","Fabric Type","Warp & Filling"
26072,162674,"01","UF","Plain / Fancy","Plain"
26275,162840,"00","CD","Separates","No Separates"
26276,162840,"11","CI","Target Age Group","30 Years Of Age"
26277,162840,"01","CM","Store Category","Small (Everywhere)"
26278,162840,"04","FO","Shapes","5 Pockets-  5 False Pockets"
26279,162840,"N","GR","Strength Management","No"
26280,162840,"02","MO","Morphology","All Sizes"
26281,162840,"SW","MV","Moment Of Life","Sportswear"
26282,162840,"CC","ST","Style","Heart-Shaped Cut"
26283,162840,"02","TE","Dyeing","Color Woven"
26284,162840,"TS","TH","Theme","Test"
26285,162840,"02","TI","Materials","Denim"
26286,162840,"CT","TT","Fabric Type","Warp & Filling"
26287,162840,"01","UF","Plain / Fancy","Plain"
26486,163019,"00","CD","Separates","No Separates"
26487,163019,"11","CI","Target Age Group","30 Years Of Age"
26488,163019,"01","CM","Store Category","Small (Everywhere)"
26489,163019,"07","FO","Shapes","Loose-Fitting"
26490,163019,"N","GR","Strength Management","No"
26491,163019,"02","MO","Morphology","All Sizes"
26492,163019,"SW","MV","Moment Of Life","Sportswear"
26493,163019,"CC","ST","Style","Heart-Shaped Cut"
26494,163019,"02","TE","Dyeing","Color Woven"
26495,163019,"TS","TH","Theme","Test"
26496,163019,"CT","TT","Fabric Type","Warp & Filling"
26497,163019,"02","UF","Plain / Fancy","Fant.(Fancy) Multi-Colored"
27087,163490,"00","CD","Separates","No Separates"
27088,163490,"11","CI","Target Age Group","30 Years Of Age"
27089,163490,"01","CM","Store Category","Small (Everywhere)"
27090,163490,"N","GR","Strength Management","No"
27091,163490,"02","MO","Morphology","All Sizes"
27092,163490,"SW","MV","Moment Of Life","Sportswear"
27093,163490,"CC","ST","Style","Heart-Shaped Cut"
27094,163490,"01","TE","Dyeing","Printed"
27095,163490,"35","TI","Materials","Other Fabrics With Lycra"
27096,163490,"03","TP","Price Bracket","Middle"
27097,163490,"CT","TT","Fabric Type","Warp & Filling"
27098,163490,"02","UF","Plain / Fancy","Fant.(Fancy) Multi-Colored"
27099,163506,"00","CD","Separates","No Separates"
27100,163506,"11","CI","Target Age Group","30 Years Of Age"
27101,163506,"01","CM","Store Category","Small (Everywhere)"
27102,163506,"07","FO","Shapes","Loose-Fitting"
27103,163506,"N","GR","Strength Management","No"
27104,163506,"02","MO","Morphology","All Sizes"
27105,163506,"SW","MV","Moment Of Life","Sportswear"
27106,163506,"CC","ST","Style","Heart-Shaped Cut"
27107,163506,"03","TE","Dyeing","Piece Dyed"
27108,163506,"03","TP","Price Bracket","Middle"
27109,163506,"CT","TT","Fabric Type","Warp & Filling"
27110,163506,"02","UF","Plain / Fancy","Fant.(Fancy) Multi-Colored"
27111,163584,"00","CD","Separates","No Separates"
27112,163584,"11","CI","Target Age Group","30 Years Of Age"
27113,163584,"03","CM","Store Category","Medium-Large (Med.Large,Extre Large)"
27114,163584,"ZZ","FO","Shapes","Other"
27115,163584,"N","GR","Strength Management","No"
27116,163584,"02","MO","Morphology","All Sizes"
27117,163584,"SW","MV","Moment Of Life","Sportswear"
27118,163584,"CC","ST","Style","Heart-Shaped Cut"
27119,163584,"03","TE","Dyeing","Piece Dyed"
27120,163584,"02","TI","Materials","Denim"
27121,163584,"03","TP","Price Bracket","Middle"
27122,163584,"CT","TT","Fabric Type","Warp & Filling"
27123,163584,"01","UF","Plain / Fancy","Plain"
27383,163907,"00","CD","Separates","No Separates"
27384,163907,"11","CI","Target Age Group","30 Years Of Age"
27385,163907,"03","CM","Store Category","Medium-Large (Med.Large,Extre Large)"
27386,163907,"N","GR","Strength Management","No"
27387,163907,"02","MO","Morphology","All Sizes"
27388,163907,"SW","MV","Moment Of Life","Sportswear"
27389,163907,"CC","ST","Style","Heart-Shaped Cut"
27390,163907,"03","TE","Dyeing","Piece Dyed"
27391,163907,"23","TI","Materials","Cotton Blend"
27392,163907,"CT","TT","Fabric Type","Warp & Filling"
27393,163907,"02","UF","Plain / Fancy","Fant.(Fancy) Multi-Colored"
28291,164356,"00","CD","Separates","No Separates"
28292,164356,"11","CI","Target Age Group","30 Years Of Age"
28293,164356,"03","CM","Store Category","Medium-Large (Med.Large,Extre Large)"
28294,164356,"11","FO","Shapes","Stovepipe (Trousers)  With Marked Folds"
28295,164356,"N","GR","Strength Management","No"
28296,164356,"02","MO","Morphology","All Sizes"
28297,164356,"SW","MV","Moment Of Life","Sportswear"
28298,164356,"CC","ST","Style","Heart-Shaped Cut"
28299,164356,"01","TE","Dyeing","Printed"
28300,164356,"33","TI","Materials","Cotton Lycra"
28301,164356,"CT","TT","Fabric Type","Warp & Filling"
28302,164356,"02","UF","Plain / Fancy","Fant.(Fancy) Multi-Colored"
29654,164962,"01","CD","Separates","Separates"
29655,164962,"11","CI","Target Age Group","30 Years Of Age"
29656,164962,"01","CM","Store Category","Small (Everywhere)"
29657,164962,"04","FO","Shapes","5 Pockets-  5 False Pockets"
29658,164962,"N","GR","Strength Management","No"
29659,164962,"02","MO","Morphology","All Sizes"
29660,164962,"SW","MV","Moment Of Life","Sportswear"
29661,164962,"CC","ST","Style","Heart-Shaped Cut"
29662,164962,"03","TE","Dyeing","Piece Dyed"
29663,164962,"47","TH","Theme","Ireland"
29664,164962,"06","TI","Materials","Polyester Blend"
29665,164962,"05","TP","Price Bracket","High"
29666,164962,"CT","TT","Fabric Type","Warp & Filling"
29667,164962,"01","UF","Plain / Fancy","Plain"
29981,165170,"00","CD","Separates","No Separates"
29982,165170,"11","CI","Target Age Group","30 Years Of Age"
29983,165170,"01","CM","Store Category","Small (Everywhere)"
29984,165170,"04","FO","Shapes","5 Pockets-  5 False Pockets"
29985,165170,"N","GR","Strength Management","No"
29986,165170,"02","MO","Morphology","All Sizes"
29987,165170,"SW","MV","Moment Of Life","Sportswear"
29988,165170,"ES","ST","Style","Basic, Essential"
29989,165170,"03","TE","Dyeing","Piece Dyed"
29990,165170,"00","TH","Theme","Basic Theme"
29991,165170,"43","TI","Materials","100% Polyamide"
29992,165170,"MA","TT","Fabric Type","Stitch"
29993,165170,"01","UF","Plain / Fancy","Plain"
30008,165197,"00","CD","Separates","No Separates"
30009,165197,"11","CI","Target Age Group","30 Years Of Age"
30010,165197,"01","CM","Store Category","Small (Everywhere)"
30011,165197,"N","GR","Strength Management","No"
30012,165197,"02","MO","Morphology","All Sizes"
30013,165197,"SW","MV","Moment Of Life","Sportswear"
30014,165197,"CC","ST","Style","Heart-Shaped Cut"
30015,165197,"03","TE","Dyeing","Piece Dyed"
30016,165197,"36","TH","Theme","Vitamin Cocktail"
30017,165197,"33","TI","Materials","Cotton Lycra"
30018,165197,"03","TP","Price Bracket","Middle"
30019,165197,"CT","TT","Fabric Type","Warp & Filling"
30020,165197,"01","UF","Plain / Fancy","Plain"
31078,166136,"00","CD","Separates","No Separates"
31079,166136,"10","CI","Target Age Group","18-25 Years Of Age"
31080,166136,"04","CM","Store Category","Large (Large, Extra Large)"
31081,166136,"63","FO","Shapes","Low Waist"
31082,166136,"N","GR","Strength Management","No"
31083,166136,"01","MO","Morphology","Small Sizes"
31084,166136,"SW","MV","Moment Of Life","Sportswear"
31085,166136,"CC","ST","Style","Heart-Shaped Cut"
31086,166136,"03","TE","Dyeing","Piece Dyed"
31087,166136,"36","TH","Theme","Vitamin Cocktail"
31088,166136,"33","TI","Materials","Cotton Lycra"
31089,166136,"03","TP","Price Bracket","Middle"
31090,166136,"CT","TT","Fabric Type","Warp & Filling"
31091,166136,"01","UF","Plain / Fancy","Plain"
31984,166544,"00","CD","Separates","No Separates"
31985,166544,"11","CI","Target Age Group","30 Years Of Age"
31986,166544,"01","CM","Store Category","Small (Everywhere)"
31987,166544,"04","FO","Shapes","5 Pockets-  5 False Pockets"
31988,166544,"N","GR","Strength Management","No"
31989,166544,"02","MO","Morphology","All Sizes"
31990,166544,"SW","MV","Moment Of Life","Sportswear"
31991,166544,"ES","ST","Style","Basic, Essential"
31992,166544,"03","TE","Dyeing","Piece Dyed"
31993,166544,"00","TH","Theme","Basic Theme"
31994,166544,"33","TI","Materials","Cotton Lycra"
31995,166544,"03","TP","Price Bracket","Middle"
31996,166544,"CT","TT","Fabric Type","Warp & Filling"
31997,166544,"01","UF","Plain / Fancy","Plain"
32030,166550,"00","CD","Separates","No Separates"
32031,166550,"11","CI","Target Age Group","30 Years Of Age"
32032,166550,"01","CM","Store Category","Small (Everywhere)"
32033,166550,"04","FO","Shapes","5 Pockets-  5 False Pockets"
32034,166550,"N","GR","Strength Management","No"
32035,166550,"02","MO","Morphology","All Sizes"
32036,166550,"SW","MV","Moment Of Life","Sportswear"
32037,166550,"ES","ST","Style","Basic, Essential"
32038,166550,"03","TE","Dyeing","Piece Dyed"
32039,166550,"00","TH","Theme","Basic Theme"
32040,166550,"60","TH","Theme","Opera"
32041,166550,"03","TI","Materials","Velvet"
32042,166550,"CT","TT","Fabric Type","Warp & Filling"
32043,166550,"01","UF","Plain / Fancy","Plain"
32044,166553,"00","CD","Separates","No Separates"
32045,166553,"11","CI","Target Age Group","30 Years Of Age"
32046,166553,"01","CM","Store Category","Small (Everywhere)"
32047,166553,"04","FO","Shapes","5 Pockets-  5 False Pockets"
32048,166553,"N","GR","Strength Management","No"
32049,166553,"02","MO","Morphology","All Sizes"
32050,166553,"SW","MV","Moment Of Life","Sportswear"
32051,166553,"ES","ST","Style","Basic, Essential"
32052,166553,"03","TE","Dyeing","Piece Dyed"
32053,166553,"00","TH","Theme","Basic Theme"
32054,166553,"09","TI","Materials","Imitation Leather"
32055,166553,"05","TP","Price Bracket","High"
32056,166553,"CT","TT","Fabric Type","Warp & Filling"
32057,166553,"01","UF","Plain / Fancy","Plain"
32121,166579,"00","CD","Separates","No Separates"
32122,166579,"10","CI","Target Age Group","18-25 Years Of Age"
32123,166579,"01","CM","Store Category","Small (Everywhere)"
32124,166579,"02","CM","Store Category","Medium (Medium, Large, Extra Large)"
32125,166579,"04","CM","Store Category","Large (Large, Extra Large)"
32126,166579,"63","FO","Shapes","Low Waist"
32127,166579,"N","GR","Strength Management","No"
32128,166579,"02","MO","Morphology","All Sizes"
32129,166579,"SW","MV","Moment Of Life","Sportswear"
32130,166579,"CC","ST","Style","Heart-Shaped Cut"
32131,166579,"03","TE","Dyeing","Piece Dyed"
32132,166579,"43","TH","Theme","Maple"
32133,166579,"44","TH","Theme","Nevada"
32134,166579,"47","TH","Theme","Ireland"
32135,166579,"48","TH","Theme","Venitian"
32136,166579,"61","TH","Theme","Frosted"
32137,166579,"33","TI","Materials","Cotton Lycra"
32138,166579,"CT","TT","Fabric Type","Warp & Filling"
32139,166579,"01","UF","Plain / Fancy","Plain"
32140,166583,"00","CD","Separates","No Separates"
32141,166583,"11","CI","Target Age Group","30 Years Of Age"
32142,166583,"01","CM","Store Category","Small (Everywhere)"
32143,166583,"02","CM","Store Category","Medium (Medium, Large, Extra Large)"
32144,166583,"01","FB","Low Shape","Tapered"
32145,166583,"04","FO","Shapes","5 Pockets-  5 False Pockets"
32146,166583,"N","GR","Strength Management","No"
32147,166583,"02","MO","Morphology","All Sizes"
32148,166583,"SW","MV","Moment Of Life","Sportswear"
32149,166583,"TE","PO","Product Type","Thematic"
32150,166583,"CC","ST","Style","Heart-Shaped Cut"
32151,166583,"03","TE","Dyeing","Piece Dyed"
32152,166583,"44","TH","Theme","Nevada"
32153,166583,"61","TH","Theme","Frosted"
32154,166583,"33","TI","Materials","Cotton Lycra"
32155,166583,"04","TP","Price Bracket","Upper Middle"
32156,166583,"CT","TT","Fabric Type","Warp & Filling"
32157,166583,"01","UF","Plain / Fancy","Plain"
32357,166699,"00","CD","Separates","No Separates"
32358,166699,"11","CI","Target Age Group","30 Years Of Age"
32359,166699,"01","CM","Store Category","Small (Everywhere)"
32360,166699,"05","FO","Shapes","Shorts"
32361,166699,"N","GR","Strength Management","No"
32362,166699,"02","MO","Morphology","All Sizes"
32363,166699,"SW","MV","Moment Of Life","Sportswear"
32364,166699,"ES","ST","Style","Basic, Essential"
32365,166699,"03","TE","Dyeing","Piece Dyed"
32366,166699,"00","TH","Theme","Basic Theme"
32367,166699,"35","TI","Materials","Other Fabrics With Lycra"
32368,166699,"01","TP","Price Bracket","Hose"
32369,166699,"MA","TT","Fabric Type","Stitch"
32370,166699,"01","UF","Plain / Fancy","Plain"
32678,167017,"00","CD","Separates","No Separates"
32679,167017,"11","CI","Target Age Group","30 Years Of Age"
32680,167017,"01","CM","Store Category","Small (Everywhere)"
32681,167017,"05","FO","Shapes","Shorts"
32682,167017,"N","GR","Strength Management","No"
32683,167017,"02","MO","Morphology","All Sizes"
32684,167017,"SW","MV","Moment Of Life","Sportswear"
32685,167017,"ES","ST","Style","Basic, Essential"
32686,167017,"03","TE","Dyeing","Piece Dyed"
32687,167017,"00","TH","Theme","Basic Theme"
32688,167017,"44","TI","Materials","Polyamide Lycra"
32689,167017,"MA","TT","Fabric Type","Stitch"
32690,167017,"01","UF","Plain / Fancy","Plain"
32691,167042,"00","CD","Separates","No Separates"
32692,167042,"11","CI","Target Age Group","30 Years Of Age"
32693,167042,"01","CM","Store Category","Small (Everywhere)"
32694,167042,"05","FO","Shapes","Shorts"
32695,167042,"N","GR","Strength Management","No"
32696,167042,"02","MO","Morphology","All Sizes"
32697,167042,"SW","MV","Moment Of Life","Sportswear"
32698,167042,"ES","ST","Style","Basic, Essential"
32699,167042,"01","TE","Dyeing","Printed"
32700,167042,"00","TH","Theme","Basic Theme"
32701,167042,"44","TI","Materials","Polyamide Lycra"
32702,167042,"01","TP","Price Bracket","Hose"
32703,167042,"MA","TT","Fabric Type","Stitch"
32704,167042,"01","UF","Plain / Fancy","Plain"
32755,167106,"00","CD","Separates","No Separates"
32756,167106,"11","CI","Target Age Group","30 Years Of Age"
32757,167106,"01","CM","Store Category","Small (Everywhere)"
32758,167106,"96","FO","Shapes","Tapered"
32759,167106,"N","GR","Strength Management","No"
32760,167106,"02","MO","Morphology","All Sizes"
32761,167106,"SW","MV","Moment Of Life","Sportswear"
32762,167106,"CC","ST","Style","Heart-Shaped Cut"
32763,167106,"01","TE","Dyeing","Printed"
32764,167106,"47","TH","Theme","Ireland"
32765,167106,"03","TI","Materials","Velvet"
32766,167106,"05","TP","Price Bracket","High"
32767,167106,"CT","TT","Fabric Type","Warp & Filling"
32768,167106,"02","UF","Plain / Fancy","Fant.(Fancy) Multi-Colored"
32809,167119,"00","CD","Separates","No Separates"
32810,167119,"11","CI","Target Age Group","30 Years Of Age"
32811,167119,"01","CM","Store Category","Small (Everywhere)"
32812,167119,"02","CM","Store Category","Medium (Medium, Large, Extra Large)"
32813,167119,"65","FO","Shapes","Side Zipper"
32814,167119,"N","GR","Strength Management","No"
32815,167119,"01","MO","Morphology","Small Sizes"
32816,167119,"SW","MV","Moment Of Life","Sportswear"
32817,167119,"CC","ST","Style","Heart-Shaped Cut"
32818,167119,"01","TE","Dyeing","Printed"
32819,167119,"44","TH","Theme","Nevada"
32820,167119,"35","TI","Materials","Other Fabrics With Lycra"
32821,167119,"CT","TT","Fabric Type","Warp & Filling"
32822,167119,"02","UF","Plain / Fancy","Fant.(Fancy) Multi-Colored"
33538,167681,"00","CD","Separates","No Separates"
33539,167681,"11","CI","Target Age Group","30 Years Of Age"
33540,167681,"01","CM","Store Category","Small (Everywhere)"
33541,167681,"02","CM","Store Category","Medium (Medium, Large, Extra Large)"
33542,167681,"65","FO","Shapes","Side Zipper"
33543,167681,"N","GR","Strength Management","No"
33544,167681,"02","MO","Morphology","All Sizes"
33545,167681,"SW","MV","Moment Of Life","Sportswear"
33546,167681,"CC","ST","Style","Heart-Shaped Cut"
33547,167681,"EM","ST","Style","Emergent"
33548,167681,"03","TE","Dyeing","Piece Dyed"
33549,167681,"00","TH","Theme","Basic Theme"
33550,167681,"43","TH","Theme","Maple"
33551,167681,"44","TH","Theme","Nevada"
33552,167681,"33","TI","Materials","Cotton Lycra"
33553,167681,"CT","TT","Fabric Type","Warp & Filling"
33554,167681,"01","UF","Plain / Fancy","Plain"
33627,167695,"00","CD","Separates","No Separates"
33628,167695,"10","CI","Target Age Group","18-25 Years Of Age"
33629,167695,"01","CM","Store Category","Small (Everywhere)"
33630,167695,"02","CM","Store Category","Medium (Medium, Large, Extra Large)"
33631,167695,"63","FO","Shapes","Low Waist"
33632,167695,"N","GR","Strength Management","No"
33633,167695,"02","MO","Morphology","All Sizes"
33634,167695,"SW","MV","Moment Of Life","Sportswear"
33635,167695,"CC","ST","Style","Heart-Shaped Cut"
33636,167695,"03","TE","Dyeing","Piece Dyed"
33637,167695,"48","TH","Theme","Venitian"
33638,167695,"61","TH","Theme","Frosted"
33639,167695,"03","TI","Materials","Velvet"
33640,167695,"CT","TT","Fabric Type","Warp & Filling"
33641,167695,"01","UF","Plain / Fancy","Plain"
33742,167727,"00","CD","Separates","No Separates"
33743,167727,"11","CI","Target Age Group","30 Years Of Age"
33744,167727,"01","CM","Store Category","Small (Everywhere)"
33745,167727,"04","FO","Shapes","5 Pockets-  5 False Pockets"
33746,167727,"N","GR","Strength Management","No"
33747,167727,"02","MO","Morphology","All Sizes"
33748,167727,"SW","MV","Moment Of Life","Sportswear"
33749,167727,"CC","ST","Style","Heart-Shaped Cut"
33750,167727,"03","TE","Dyeing","Piece Dyed"
33751,167727,"47","TH","Theme","Ireland"
33752,167727,"03","TI","Materials","Velvet"
33753,167727,"05","TP","Price Bracket","High"
33754,167727,"CT","TT","Fabric Type","Warp & Filling"
33755,167727,"01","UF","Plain / Fancy","Plain"
33756,167731,"01","CD","Separates","Separates"
33757,167731,"10","CI","Target Age Group","18-25 Years Of Age"
33758,167731,"01","CM","Store Category","Small (Everywhere)"
33759,167731,"96","FO","Shapes","Tapered"
33760,167731,"N","GR","Strength Management","No"
33761,167731,"02","MO","Morphology","All Sizes"
33762,167731,"SW","MV","Moment Of Life","Sportswear"
33763,167731,"CC","ST","Style","Heart-Shaped Cut"
33764,167731,"03","TE","Dyeing","Piece Dyed"
33765,167731,"50","TH","Theme","Paris - New York"
33766,167731,"35","TI","Materials","Other Fabrics With Lycra"
33767,167731,"CT","TT","Fabric Type","Warp & Filling"
33768,167731,"02","UF","Plain / Fancy","Fant.(Fancy) Multi-Colored"
33872,167809,"00","CD","Separates","No Separates"
33873,167809,"11","CI","Target Age Group","30 Years Of Age"
33874,167809,"01","CM","Store Category","Small (Everywhere)"
33875,167809,"04","CM","Store Category","Large (Large, Extra Large)"
33876,167809,"04","FO","Shapes","5 Pockets-  5 False Pockets"
33877,167809,"N","GR","Strength Management","No"
33878,167809,"02","MO","Morphology","All Sizes"
33879,167809,"SW","MV","Moment Of Life","Sportswear"
33880,167809,"CC","ST","Style","Heart-Shaped Cut"
33881,167809,"01","TE","Dyeing","Printed"
33882,167809,"44","TH","Theme","Nevada"
33883,167809,"33","TI","Materials","Cotton Lycra"
33884,167809,"03","TP","Price Bracket","Middle"
33885,167809,"CT","TT","Fabric Type","Warp & Filling"
33886,167809,"02","UF","Plain / Fancy","Fant.(Fancy) Multi-Colored"
33903,167846,"00","CD","Separates","No Separates"
33904,167846,"10","CI","Target Age Group","18-25 Years Of Age"
33905,167846,"01","CM","Store Category","Small (Everywhere)"
33906,167846,"02","CM","Store Category","Medium (Medium, Large, Extra Large)"
33907,167846,"64","FO","Shapes","Pantacalecon"
33908,167846,"N","GR","Strength Management","No"
33909,167846,"02","MO","Morphology","All Sizes"
33910,167846,"SW","MV","Moment Of Life","Sportswear"
33911,167846,"CC","ST","Style","Heart-Shaped Cut"
33912,167846,"03","TE","Dyeing","Piece Dyed"
33913,167846,"44","TH","Theme","Nevada"
33914,167846,"50","TH","Theme","Paris - New York"
33915,167846,"36","TI","Materials","Imitation Suede"
33916,167846,"CT","TT","Fabric Type","Warp & Filling"
33917,167846,"01","UF","Plain / Fancy","Plain"
34509,168230,"00","CD","Separates","No Separates"
34510,168230,"11","CI","Target Age Group","30 Years Of Age"
34511,168230,"01","CM","Store Category","Small (Everywhere)"
34512,168230,"63","FO","Shapes","Low Waist"
34513,168230,"N","GR","Strength Management","No"
34514,168230,"02","MO","Morphology","All Sizes"
34515,168230,"SW","MV","Moment Of Life","Sportswear"
34516,168230,"CC","ST","Style","Heart-Shaped Cut"
34517,168230,"EM","ST","Style","Emergent"
34518,168230,"01","TE","Dyeing","Printed"
34519,168230,"43","TH","Theme","Maple"
34520,168230,"47","TH","Theme","Ireland"
34521,168230,"48","TH","Theme","Venitian"
34522,168230,"35","TI","Materials","Other Fabrics With Lycra"
34523,168230,"CT","TT","Fabric Type","Warp & Filling"
34524,168230,"02","UF","Plain / Fancy","Fant.(Fancy) Multi-Colored"
35074,168499,"00","CD","Separates","No Separates"
35075,168499,"10","CI","Target Age Group","18-25 Years Of Age"
35076,168499,"01","CM","Store Category","Small (Everywhere)"
35077,168499,"04","FO","Shapes","5 Pockets-  5 False Pockets"
35078,168499,"N","GR","Strength Management","No"
35079,168499,"02","MO","Morphology","All Sizes"
35080,168499,"SW","MV","Moment Of Life","Sportswear"
35081,168499,"CC","ST","Style","Heart-Shaped Cut"
35082,168499,"03","TE","Dyeing","Piece Dyed"
35083,168499,"44","TH","Theme","Nevada"
35084,168499,"09","TI","Materials","Imitation Leather"
35085,168499,"05","TP","Price Bracket","High"
35086,168499,"CT","TT","Fabric Type","Warp & Filling"
35087,168499,"01","UF","Plain / Fancy","Plain"
35510,168852,"00","CD","Separates","No Separates"
35511,168852,"11","CI","Target Age Group","30 Years Of Age"
35512,168852,"01","CM","Store Category","Small (Everywhere)"
35513,168852,"N","GR","Strength Management","No"
35514,168852,"02","MO","Morphology","All Sizes"
35515,168852,"SW","MV","Moment Of Life","Sportswear"
35516,168852,"CC","ST","Style","Heart-Shaped Cut"
35517,168852,"01","TE","Dyeing","Printed"
35518,168852,"33","TI","Materials","Cotton Lycra"
35519,168852,"01","TP","Price Bracket","Hose"
35520,168852,"CT","TT","Fabric Type","Warp & Filling"
35521,168852,"02","UF","Plain / Fancy","Fant.(Fancy) Multi-Colored"
35669,168963,"00","CD","Separates","No Separates"
35670,168963,"11","CI","Target Age Group","30 Years Of Age"
35671,168963,"01","CM","Store Category","Small (Everywhere)"
35672,168963,"04","CM","Store Category","Large (Large, Extra Large)"
35673,168963,"04","FO","Shapes","5 Pockets-  5 False Pockets"
35674,168963,"N","GR","Strength Management","No"
35675,168963,"02","MO","Morphology","All Sizes"
35676,168963,"SW","MV","Moment Of Life","Sportswear"
35677,168963,"CC","ST","Style","Heart-Shaped Cut"
35678,168963,"01","TE","Dyeing","Printed"
35679,168963,"44","TH","Theme","Nevada"
35680,168963,"02","TI","Materials","Denim"
35681,168963,"CT","TT","Fabric Type","Warp & Filling"
35682,168963,"02","UF","Plain / Fancy","Fant.(Fancy) Multi-Colored"
35710,168994,"00","CD","Separates","No Separates"
35711,168994,"11","CI","Target Age Group","30 Years Of Age"
35712,168994,"01","CM","Store Category","Small (Everywhere)"
35713,168994,"02","CM","Store Category","Medium (Medium, Large, Extra Large)"
35714,168994,"96","FO","Shapes","Tapered"
35715,168994,"N","GR","Strength Management","No"
35716,168994,"02","MO","Morphology","All Sizes"
35717,168994,"SW","MV","Moment Of Life","Sportswear"
35718,168994,"CC","ST","Style","Heart-Shaped Cut"
35719,168994,"03","TE","Dyeing","Piece Dyed"
35720,168994,"46","TH","Theme","Tawny"
35721,168994,"48","TH","Theme","Venitian"
35722,168994,"50","TH","Theme","Paris - New York"
35723,168994,"33","TI","Materials","Cotton Lycra"
35724,168994,"05","TP","Price Bracket","High"
35725,168994,"CT","TT","Fabric Type","Warp & Filling"
35726,168994,"01","UF","Plain / Fancy","Plain"
35773,169011,"00","CD","Separates","No Separates"
35774,169011,"11","CI","Target Age Group","30 Years Of Age"
35775,169011,"02","CM","Store Category","Medium (Medium, Large, Extra Large)"
35776,169011,"04","CM","Store Category","Large (Large, Extra Large)"
35777,169011,"10","FO","Shapes","Tapered"
35778,169011,"N","GR","Strength Management","No"
35779,169011,"02","MO","Morphology","All Sizes"
35780,169011,"SW","MV","Moment Of Life","Sportswear"
35781,169011,"EM","ST","Style","Emergent"
35782,169011,"03","TE","Dyeing","Piece Dyed"
35783,169011,"47","TH","Theme","Ireland"
35784,169011,"48","TH","Theme","Venitian"
35785,169011,"33","TI","Materials","Cotton Lycra"
35786,169011,"CT","TT","Fabric Type","Warp & Filling"
35787,169011,"01","UF","Plain / Fancy","Plain"
36117,169227,"00","CD","Separates","No Separates"
36118,169227,"10","CI","Target Age Group","18-25 Years Of Age"
36119,169227,"01","CM","Store Category","Small (Everywhere)"
36120,169227,"02","FO","Shapes","Pleated Trousers"
36121,169227,"N","GR","Strength Management","No"
36122,169227,"02","MO","Morphology","All Sizes"
36123,169227,"SW","MV","Moment Of Life","Sportswear"
36124,169227,"CC","ST","Style","Heart-Shaped Cut"
36125,169227,"03","TE","Dyeing","Piece Dyed"
36126,169227,"50","TH","Theme","Paris - New York"
36127,169227,"43","TI","Materials","100% Polyamide"
36128,169227,"MA","TT","Fabric Type","Stitch"
36129,169227,"01","UF","Plain / Fancy","Plain"
36217,169253,"00","CD","Separates","No Separates"
36218,169253,"10","CI","Target Age Group","18-25 Years Of Age"
36219,169253,"01","CM","Store Category","Small (Everywhere)"
36220,169253,"04","FO","Shapes","5 Pockets-  5 False Pockets"
36221,169253,"N","GR","Strength Management","No"
36222,169253,"02","MO","Morphology","All Sizes"
36223,169253,"SW","MV","Moment Of Life","Sportswear"
36224,169253,"ES","ST","Style","Basic, Essential"
36225,169253,"03","TE","Dyeing","Piece Dyed"
36226,169253,"00","TH","Theme","Basic Theme"
36227,169253,"02","TI","Materials","Denim"
36228,169253,"03","TP","Price Bracket","Middle"
36229,169253,"CT","TT","Fabric Type","Warp & Filling"
36230,169253,"01","UF","Plain / Fancy","Plain"
36231,169254,"00","CD","Separates","No Separates"
36232,169254,"10","CI","Target Age Group","18-25 Years Of Age"
36233,169254,"01","CM","Store Category","Small (Everywhere)"
36234,169254,"04","FO","Shapes","5 Pockets-  5 False Pockets"
36235,169254,"N","GR","Strength Management","No"
36236,169254,"02","MO","Morphology","All Sizes"
36237,169254,"SW","MV","Moment Of Life","Sportswear"
36238,169254,"CC","ST","Style","Heart-Shaped Cut"
36239,169254,"03","TE","Dyeing","Piece Dyed"
36240,169254,"44","TH","Theme","Nevada"
36241,169254,"02","TI","Materials","Denim"
36242,169254,"CT","TT","Fabric Type","Warp & Filling"
36243,169254,"01","UF","Plain / Fancy","Plain"
36244,169272,"00","CD","Separates","No Separates"
36245,169272,"10","CI","Target Age Group","18-25 Years Of Age"
36246,169272,"01","CM","Store Category","Small (Everywhere)"
36247,169272,"N","GR","Strength Management","No"
36248,169272,"02","MO","Morphology","All Sizes"
36249,169272,"SW","MV","Moment Of Life","Sportswear"
36250,169272,"CC","ST","Style","Heart-Shaped Cut"
36251,169272,"03","TE","Dyeing","Piece Dyed"
36252,169272,"33","TI","Materials","Cotton Lycra"
36253,169272,"01","TP","Price Bracket","Hose"
36254,169272,"CT","TT","Fabric Type","Warp & Filling"
36255,169272,"01","UF","Plain / Fancy","Plain"
36301,169301,"00","CD","Separates","No Separates"
36302,169301,"10","CI","Target Age Group","18-25 Years Of Age"
36303,169301,"01","CM","Store Category","Small (Everywhere)"
36304,169301,"04","FO","Shapes","5 Pockets-  5 False Pockets"
36305,169301,"N","GR","Strength Management","No"
36306,169301,"02","MO","Morphology","All Sizes"
36307,169301,"SW","MV","Moment Of Life","Sportswear"
36308,169301,"EM","ST","Style","Emergent"
36309,169301,"03","TE","Dyeing","Piece Dyed"
36310,169301,"BR","TH","Theme","Cut-Rate Good"
36311,169301,"33","TI","Materials","Cotton Lycra"
36312,169301,"03","TP","Price Bracket","Middle"
36313,169301,"CT","TT","Fabric Type","Warp & Filling"
36314,169301,"01","UF","Plain / Fancy","Plain"
36339,169306,"00","CD","Separates","No Separates"
36340,169306,"11","CI","Target Age Group","30 Years Of Age"
36341,169306,"01","CM","Store Category","Small (Everywhere)"
36342,169306,"04","FO","Shapes","5 Pockets-  5 False Pockets"
36343,169306,"N","GR","Strength Management","No"
36344,169306,"02","MO","Morphology","All Sizes"
36345,169306,"SW","MV","Moment Of Life","Sportswear"
36346,169306,"EM","ST","Style","Emergent"
36347,169306,"ES","ST","Style","Basic, Essential"
36348,169306,"03","TE","Dyeing","Piece Dyed"
36349,169306,"BR","TH","Theme","Cut-Rate Good"
36350,169306,"43","TI","Materials","100% Polyamide"
36351,169306,"MA","TT","Fabric Type","Stitch"
36352,169306,"01","UF","Plain / Fancy","Plain"
36963,169432,"00","CD","Separates","No Separates"
36964,169432,"11","CI","Target Age Group","30 Years Of Age"
36965,169432,"01","CM","Store Category","Small (Everywhere)"
36966,169432,"02","CM","Store Category","Medium (Medium, Large, Extra Large)"
36967,169432,"04","CM","Store Category","Large (Large, Extra Large)"
36968,169432,"96","FO","Shapes","Tapered"
36969,169432,"N","GR","Strength Management","No"
36970,169432,"02","MO","Morphology","All Sizes"
36971,169432,"SW","MV","Moment Of Life","Sportswear"
36972,169432,"EM","ST","Style","Emergent"
36973,169432,"03","TE","Dyeing","Piece Dyed"
36974,169432,"43","TH","Theme","Maple"
36975,169432,"50","TH","Theme","Paris - New York"
36976,169432,"44","TI","Materials","Polyamide Lycra"
36977,169432,"CT","TT","Fabric Type","Warp & Filling"
36978,169432,"01","UF","Plain / Fancy","Plain"
36979,169476,"00","CD","Separates","No Separates"
36980,169476,"01","CM","Store Category","Small (Everywhere)"
36981,169476,"04","FO","Shapes","5 Pockets-  5 False Pockets"
36982,169476,"N","GR","Strength Management","No"
36983,169476,"02","MO","Morphology","All Sizes"
36984,169476,"SW","MV","Moment Of Life","Sportswear"
36985,169476,"CC","ST","Style","Heart-Shaped Cut"
36986,169476,"01","TE","Dyeing","Printed"
36987,169476,"46","TH","Theme","Tawny"
36988,169476,"33","TI","Materials","Cotton Lycra"
36989,169476,"CT","TT","Fabric Type","Warp & Filling"
36990,169476,"02","UF","Plain / Fancy","Fant.(Fancy) Multi-Colored"
36991,169478,"00","CD","Separates","No Separates"
36992,169478,"01","CM","Store Category","Small (Everywhere)"
36993,169478,"04","FO","Shapes","5 Pockets-  5 False Pockets"
36994,169478,"N","GR","Strength Management","No"
36995,169478,"02","MO","Morphology","All Sizes"
36996,169478,"SW","MV","Moment Of Life","Sportswear"
36997,169478,"CC","ST","Style","Heart-Shaped Cut"
36998,169478,"01","TE","Dyeing","Printed"
36999,169478,"59","TH","Theme","Full Moon"
37000,169478,"61","TH","Theme","Frosted"
37001,169478,"33","TI","Materials","Cotton Lycra"
37002,169478,"CT","TT","Fabric Type","Warp & Filling"
37003,169478,"02","UF","Plain / Fancy","Fant.(Fancy) Multi-Colored"
37130,169571,"00","CD","Separates","No Separates"
37131,169571,"01","CM","Store Category","Small (Everywhere)"
37132,169571,"ZZ","FO","Shapes","Other"
37133,169571,"N","GR","Strength Management","No"
37134,169571,"02","MO","Morphology","All Sizes"
37135,169571,"SW","MV","Moment Of Life","Sportswear"
37136,169571,"CC","ST","Style","Heart-Shaped Cut"
37137,169571,"03","TE","Dyeing","Piece Dyed"
37138,169571,"44","TH","Theme","Nevada"
37139,169571,"02","TI","Materials","Denim"
37140,169571,"03","TP","Price Bracket","Middle"
37141,169571,"CT","TT","Fabric Type","Warp & Filling"
37142,169571,"01","UF","Plain / Fancy","Plain"
37615,169776,"01","CD","Separates","Separates"
37616,169776,"01","CM","Store Category","Small (Everywhere)"
37617,169776,"04","FO","Shapes","5 Pockets-  5 False Pockets"
37618,169776,"N","GR","Strength Management","No"
37619,169776,"02","MO","Morphology","All Sizes"
37620,169776,"SW","MV","Moment Of Life","Sportswear"
37621,169776,"ES","ST","Style","Basic, Essential"
37622,169776,"02","TE","Dyeing","Color Woven"
37623,169776,"BR","TH","Theme","Cut-Rate Good"
37624,169776,"02","TI","Materials","Denim"
37625,169776,"03","TP","Price Bracket","Middle"
37626,169776,"CT","TT","Fabric Type","Warp & Filling"
37627,169776,"01","UF","Plain / Fancy","Plain"
37977,170016,"00","CD","Separates","No Separates"
37978,170016,"01","CM","Store Category","Small (Everywhere)"
37979,170016,"02","CM","Store Category","Medium (Medium, Large, Extra Large)"
37980,170016,"04","FO","Shapes","5 Pockets-  5 False Pockets"
37981,170016,"N","GR","Strength Management","No"
37982,170016,"02","MO","Morphology","All Sizes"
37983,170016,"SW","MV","Moment Of Life","Sportswear"
37984,170016,"CC","ST","Style","Heart-Shaped Cut"
37985,170016,"03","TE","Dyeing","Piece Dyed"
37986,170016,"47","TH","Theme","Ireland"
37987,170016,"48","TH","Theme","Venitian"
37988,170016,"50","TH","Theme","Paris - New York"
37989,170016,"03","TI","Materials","Velvet"
37990,170016,"05","TP","Price Bracket","High"
37991,170016,"CT","TT","Fabric Type","Warp & Filling"
37992,170016,"01","UF","Plain / Fancy","Plain"
38207,170108,"00","CD","Separates","No Separates"
38208,170108,"01","CM","Store Category","Small (Everywhere)"
38209,170108,"04","FO","Shapes","5 Pockets-  5 False Pockets"
38210,170108,"N","GR","Strength Management","No"
38211,170108,"02","MO","Morphology","All Sizes"
38212,170108,"SW","MV","Moment Of Life","Sportswear"
38213,170108,"CC","ST","Style","Heart-Shaped Cut"
38214,170108,"01","TE","Dyeing","Printed"
38215,170108,"48","TH","Theme","Venitian"
38216,170108,"23","TI","Materials","Cotton Blend"
38217,170108,"CT","TT","Fabric Type","Warp & Filling"
38218,170108,"02","UF","Plain / Fancy","Fant.(Fancy) Multi-Colored"
39853,170875,"00","CD","Separates","No Separates"
39854,170875,"04","CM","Store Category","Large (Large, Extra Large)"
39855,170875,"05","FO","Shapes","Shorts"
39856,170875,"N","GR","Strength Management","No"
39857,170875,"02","MO","Morphology","All Sizes"
39858,170875,"SW","MV","Moment Of Life","Sportswear"
39859,170875,"CC","ST","Style","Heart-Shaped Cut"
39860,170875,"02","TE","Dyeing","Color Woven"
39861,170875,"50","TH","Theme","Paris - New York"
39862,170875,"44","TI","Materials","Polyamide Lycra"
39863,170875,"01","TP","Price Bracket","Hose"
39864,170875,"MA","TT","Fabric Type","Stitch"
39865,170875,"01","UF","Plain / Fancy","Plain"
39949,170928,"00","CD","Separates","No Separates"
39950,170928,"04","CM","Store Category","Large (Large, Extra Large)"
39951,170928,"65","FO","Shapes","Side Zipper"
39952,170928,"N","GR","Strength Management","No"
39953,170928,"02","MO","Morphology","All Sizes"
39954,170928,"SV","MV","Moment Of Life","City"
39955,170928,"CC","ST","Style","Heart-Shaped Cut"
39956,170928,"EM","ST","Style","Emergent"
39957,170928,"02","TE","Dyeing","Color Woven"
39958,170928,"59","TH","Theme","Full Moon"
39959,170928,"60","TH","Theme","Opera"
39960,170928,"23","TI","Materials","Cotton Blend"
39961,170928,"05","TP","Price Bracket","High"
39962,170928,"CT","TT","Fabric Type","Warp & Filling"
39963,170928,"02","UF","Plain / Fancy","Fant.(Fancy) Multi-Colored"
40418,171284,"00","CD","Separates","No Separates"
40419,171284,"01","CM","Store Category","Small (Everywhere)"
40420,171284,"11","FO","Shapes","Stovepipe (Trousers)  With Marked Folds"
40421,171284,"N","GR","Strength Management","No"
40422,171284,"02","MO","Morphology","All Sizes"
40423,171284,"SW","MV","Moment Of Life","Sportswear"
40424,171284,"EM","ST","Style","Emergent"
40425,171284,"03","TE","Dyeing","Piece Dyed"
40426,171284,"59","TH","Theme","Full Moon"
40427,171284,"ZZ","TI","Materials","Other"
40428,171284,"CT","TT","Fabric Type","Warp & Filling"
40429,171284,"02","UF","Plain / Fancy","Fant.(Fancy) Multi-Colored"
40546,171407,"00","CD","Separates","No Separates"
40547,171407,"01","CM","Store Category","Small (Everywhere)"
40548,171407,"07","FO","Shapes","Loose-Fitting"
40549,171407,"N","GR","Strength Management","No"
40550,171407,"02","MO","Morphology","All Sizes"
40551,171407,"SW","MV","Moment Of Life","Sportswear"
40552,171407,"CC","ST","Style","Heart-Shaped Cut"
40553,171407,"02","TE","Dyeing","Color Woven"
40554,171407,"59","TH","Theme","Full Moon"
40555,171407,"ZZ","TI","Materials","Other"
40556,171407,"CT","TT","Fabric Type","Warp & Filling"
40557,171407,"02","UF","Plain / Fancy","Fant.(Fancy) Multi-Colored"
41108,171889,"00","CD","Separates","No Separates"
41109,171889,"01","CM","Store Category","Small (Everywhere)"
41110,171889,"07","FO","Shapes","Loose-Fitting"
41111,171889,"N","GR","Strength Management","No"
41112,171889,"02","MO","Morphology","All Sizes"
41113,171889,"SW","MV","Moment Of Life","Sportswear"
41114,171889,"CC","ST","Style","Heart-Shaped Cut"
41115,171889,"03","TE","Dyeing","Piece Dyed"
41116,171889,"60","TH","Theme","Opera"
41117,171889,"07","TI","Materials","Stitch"
41118,171889,"03","TP","Price Bracket","Middle"
41119,171889,"MA","TT","Fabric Type","Stitch"
41120,171889,"01","UF","Plain / Fancy","Plain"
41121,171910,"00","CD","Separates","No Separates"
41122,171910,"01","CM","Store Category","Small (Everywhere)"
41123,171910,"04","FO","Shapes","5 Pockets-  5 False Pockets"
41124,171910,"N","GR","Strength Management","No"
41125,171910,"02","MO","Morphology","All Sizes"
41126,171910,"SW","MV","Moment Of Life","Sportswear"
41127,171910,"EM","ST","Style","Emergent"
41128,171910,"03","TE","Dyeing","Piece Dyed"
41129,171910,"60","TH","Theme","Opera"
41130,171910,"33","TI","Materials","Cotton Lycra"
41131,171910,"CT","TT","Fabric Type","Warp & Filling"
41132,171910,"01","UF","Plain / Fancy","Plain"
41251,172438,"00","CD","Separates","No Separates"
41252,172438,"01","CM","Store Category","Small (Everywhere)"
41253,172438,"04","CM","Store Category","Large (Large, Extra Large)"
41254,172438,"05","FO","Shapes","Shorts"
41255,172438,"N","GR","Strength Management","No"
41256,172438,"02","MO","Morphology","All Sizes"
41257,172438,"SW","MV","Moment Of Life","Sportswear"
41258,172438,"CC","ST","Style","Heart-Shaped Cut"
41259,172438,"03","TE","Dyeing","Piece Dyed"
41260,172438,"59","TH","Theme","Full Moon"
41261,172438,"03","TI","Materials","Velvet"
41262,172438,"01","TP","Price Bracket","Hose"
41263,172438,"MA","TT","Fabric Type","Stitch"
41264,172438,"01","UF","Plain / Fancy","Plain"
41541,172909,"00","CD","Separates","No Separates"
41542,172909,"01","CM","Store Category","Small (Everywhere)"
41543,172909,"05","FO","Shapes","Shorts"
41544,172909,"N","GR","Strength Management","No"
41545,172909,"01","MO","Morphology","Small Sizes"
41546,172909,"SW","MV","Moment Of Life","Sportswear"
41547,172909,"CC","ST","Style","Heart-Shaped Cut"
41548,172909,"03","TE","Dyeing","Piece Dyed"
41549,172909,"61","TH","Theme","Frosted"
41550,172909,"03","TI","Materials","Velvet"
41551,172909,"01","TP","Price Bracket","Hose"
41552,172909,"MA","TT","Fabric Type","Stitch"
41553,172909,"01","UF","Plain / Fancy","Plain"
41563,173115,"00","CD","Separates","No Separates"
41564,173115,"01","CM","Store Category","Small (Everywhere)"
41565,173115,"63","FO","Shapes","Low Waist"
41566,173115,"N","GR","Strength Management","No"
41567,173115,"02","MO","Morphology","All Sizes"
41568,173115,"SW","MV","Moment Of Life","Sportswear"
41569,173115,"CC","ST","Style","Heart-Shaped Cut"
41570,173115,"01","TE","Dyeing","Printed"
41571,173115,"59","TH","Theme","Full Moon"
41572,173115,"35","TI","Materials","Other Fabrics With Lycra"
41573,173115,"CT","TT","Fabric Type","Warp & Filling"
41574,173115,"01","UF","Plain / Fancy","Plain"
41575,173117,"00","CD","Separates","No Separates"
41576,173117,"01","CM","Store Category","Small (Everywhere)"
41577,173117,"63","FO","Shapes","Low Waist"
41578,173117,"N","GR","Strength Management","No"
41579,173117,"02","MO","Morphology","All Sizes"
41580,173117,"SW","MV","Moment Of Life","Sportswear"
41581,173117,"CC","ST","Style","Heart-Shaped Cut"
41582,173117,"03","TE","Dyeing","Piece Dyed"
41583,173117,"59","TH","Theme","Full Moon"
41584,173117,"35","TI","Materials","Other Fabrics With Lycra"
41585,173117,"CT","TT","Fabric Type","Warp & Filling"
41586,173117,"01","UF","Plain / Fancy","Plain"
41829,173404,"00","CD","Separates","No Separates"
41830,173404,"02","CM","Store Category","Medium (Medium, Large, Extra Large)"
41831,173404,"ZZ","FO","Shapes","Other"
41832,173404,"N","GR","Strength Management","No"
41833,173404,"02","MO","Morphology","All Sizes"
41834,173404,"SW","MV","Moment Of Life","Sportswear"
41835,173404,"CC","ST","Style","Heart-Shaped Cut"
41836,173404,"03","TE","Dyeing","Piece Dyed"
41837,173404,"61","TH","Theme","Frosted"
41838,173404,"35","TI","Materials","Other Fabrics With Lycra"
41839,173404,"CT","TT","Fabric Type","Warp & Filling"
41840,173404,"01","UF","Plain / Fancy","Plain"
42657,177271,"00","CD","Separates","No Separates"
42658,177271,"04","CM","Store Category","Large (Large, Extra Large)"
42659,177271,"04","FO","Shapes","5 Pockets-  5 False Pockets"
42660,177271,"N","GR","Strength Management","No"
42661,177271,"02","MO","Morphology","All Sizes"
42662,177271,"SW","MV","Moment Of Life","Sportswear"
42663,177271,"CC","ST","Style","Heart-Shaped Cut"
42664,177271,"03","TE","Dyeing","Piece Dyed"
42665,177271,"TS","TH","Theme","Test"
42666,177271,"37","TI","Materials","Polyamide Blend"
42667,177271,"CT","TT","Fabric Type","Warp & Filling"
42668,177271,"01","UF","Plain / Fancy","Plain"
43248,178435,"00","CD","Separates","No Separates"
43249,178435,"01","CM","Store Category","Small (Everywhere)"
43250,178435,"02","CM","Store Category","Medium (Medium, Large, Extra Large)"
43251,178435,"05","FO","Shapes","Shorts"
43252,178435,"N","GR","Strength Management","No"
43253,178435,"02","MO","Morphology","All Sizes"
43254,178435,"SW","MV","Moment Of Life","Sportswear"
43255,178435,"EM","ST","Style","Emergent"
43256,178435,"03","TE","Dyeing","Piece Dyed"
43257,178435,"50","TH","Theme","Paris - New York"
43258,178435,"37","TI","Materials","Polyamide Blend"
43259,178435,"01","TP","Price Bracket","Hose"
43260,178435,"MA","TT","Fabric Type","Stitch"
43261,178435,"01","UF","Plain / Fancy","Plain"
